# Blender 5.1.2
# www.blender.org
mtllib pool.mtl
o Cube
v 2.952731 -0.350000 -1.946875
v 2.968488 0.700000 -1.964584
v 2.373950 0.700000 -2.000000
v 2.373950 -0.466667 -1.964583
v 2.968488 -0.466667 -1.525000
v 3.000000 0.700000 -1.525000
v 2.373950 -0.700000 -1.525000
v 2.673352 0.700000 -1.999447
v 2.846902 0.700000 -1.995573
v 2.932610 0.700000 -1.985059
v 2.968150 0.355536 -1.964204
v 2.965789 0.044290 -1.961550
v 2.959964 -0.202119 -1.955003
v 2.968150 -0.464169 -1.729043
v 2.965789 -0.446682 -1.854215
v 2.959964 -0.403551 -1.920327
v 1.923352 -0.466667 -1.964583
v 1.346901 -0.466667 -1.964584
v 0.682609 -0.466667 -1.964584
v 3.000000 0.700000 -1.229330
v 3.000000 0.700000 -0.856511
v 3.000000 0.700000 -0.427832
v 0.682609 0.700000 -2.000000
v 1.346901 0.700000 -2.000000
v 1.923352 0.700000 -2.000000
v 2.925931 -0.403551 -1.955003
v 2.844859 -0.446682 -1.961550
v 2.673097 -0.464169 -1.964204
v 2.373950 -0.700000 -1.229329
v 2.373950 -0.700000 -0.856511
v 2.373950 -0.700000 -0.427832
v 2.373950 0.353646 -1.999447
v 2.373950 0.029167 -1.995573
v 2.373950 -0.251563 -1.985059
v 2.968488 -0.466667 -0.427832
v 2.968488 -0.466667 -0.856511
v 2.968488 -0.466667 -1.229329
v 2.986706 0.700000 -1.927832
v 2.996061 0.700000 -1.856511
v 2.999508 0.700000 -1.729330
v 2.373950 -0.601563 -1.927832
v 2.373950 -0.670833 -1.856511
v 2.373950 -0.696354 -1.729329
v 1.923352 -0.700000 -1.525000
v 1.346901 -0.700000 -1.525000
v 0.682609 -0.700000 -1.525000
v 2.999508 0.353646 -1.525000
v 2.996061 0.029167 -1.525000
v 2.986706 -0.251563 -1.525000
v 2.932609 -0.601563 -1.525000
v 2.846901 -0.670833 -1.525000
v 2.673352 -0.696354 -1.525000
v 2.673169 -0.250128 -1.984576
v 2.673289 0.029639 -1.995040
v 2.673344 0.353705 -1.998896
v 2.845434 -0.240085 -1.981195
v 2.846391 0.032948 -1.991310
v 2.846838 0.354118 -1.995040
v 2.928033 -0.217681 -1.972169
v 2.931059 0.040037 -1.981195
v 2.932415 0.355005 -1.984576
v 2.673352 -0.696354 -1.229329
v 2.846901 -0.670833 -1.229330
v 2.932609 -0.601563 -1.229329
v 2.673352 -0.696354 -0.856511
v 2.846901 -0.670833 -0.856510
v 2.932609 -0.601563 -0.856511
v 2.673352 -0.696354 -0.427832
v 2.846901 -0.670833 -0.427832
v 2.932609 -0.601563 -0.427832
v 2.986706 -0.251563 -1.229330
v 2.996061 0.029167 -1.229330
v 2.999508 0.353646 -1.229330
v 2.986706 -0.251563 -0.856511
v 2.996061 0.029167 -0.856510
v 2.999508 0.353646 -0.856510
v 2.986706 -0.251563 -0.427832
v 2.996061 0.029167 -0.427832
v 2.999508 0.353646 -0.427832
v 0.682609 -0.700000 -1.229329
v 1.346901 -0.700000 -1.229330
v 1.923352 -0.700000 -1.229329
v 0.682609 -0.700000 -0.856511
v 1.346901 -0.700000 -0.856510
v 1.923352 -0.700000 -0.856511
v 0.682609 -0.700000 -0.427832
v 1.346901 -0.700000 -0.427832
v 1.923352 -0.700000 -0.427832
v 0.682609 -0.251563 -1.985059
v 0.682609 0.029167 -1.995573
v 0.682609 0.353646 -1.999447
v 1.346901 -0.251563 -1.985059
v 1.346901 0.029167 -1.995573
v 1.346901 0.353646 -1.999447
v 1.923352 -0.251563 -1.985059
v 1.923352 0.029167 -1.995573
v 1.923352 0.353646 -1.999447
v 0.682609 -0.601563 -1.927832
v 1.346901 -0.601563 -1.927832
v 1.923352 -0.601563 -1.927832
v 0.682609 -0.670833 -1.856510
v 1.346901 -0.670833 -1.856510
v 1.923352 -0.670833 -1.856510
v 0.682609 -0.696354 -1.729330
v 1.346901 -0.696354 -1.729329
v 1.923352 -0.696354 -1.729330
v 2.975237 -0.217681 -1.922689
v 2.983268 0.040037 -1.926090
v 2.986276 0.355005 -1.927614
v 2.983268 -0.240085 -1.854861
v 2.992268 0.032948 -1.855937
v 2.995587 0.354118 -1.856439
v 2.986276 -0.250128 -1.729123
v 2.995587 0.029639 -1.729258
v 2.999018 0.353705 -1.729321
v 2.673169 -0.598381 -1.927614
v 2.845434 -0.576109 -1.926090
v 2.928033 -0.516639 -1.922689
v 2.673288 -0.667323 -1.856439
v 2.846391 -0.642747 -1.855937
v 2.931059 -0.576109 -1.854861
v 2.673344 -0.692725 -1.729321
v 2.846838 -0.667323 -1.729258
v 2.932415 -0.598381 -1.729123
v 0.000000 -0.466667 -1.964583
v 0.000000 0.700000 -2.000000
v 0.000000 -0.700000 -1.525000
v 0.000000 -0.700000 -0.427832
v 0.000000 -0.700000 -0.856511
v 0.000000 -0.700000 -1.229329
v 0.000000 -0.251563 -1.985059
v 0.000000 0.029167 -1.995573
v 0.000000 0.353646 -1.999447
v 0.000000 -0.696354 -1.729329
v 0.000000 -0.670833 -1.856511
v 0.000000 -0.601563 -1.927832
v -2.952731 -0.350000 -1.946875
v -2.968488 0.700000 -1.964584
v -2.373950 0.700000 -2.000000
v -2.373950 -0.466667 -1.964583
v -2.968488 -0.466667 -1.525000
v -3.000000 0.700000 -1.525000
v -2.373950 -0.700000 -1.525000
v -2.673352 0.700000 -1.999447
v -2.846902 0.700000 -1.995573
v -2.932610 0.700000 -1.985059
v -2.968150 0.355536 -1.964204
v -2.965789 0.044290 -1.961550
v -2.959964 -0.202119 -1.955003
v -2.968150 -0.464169 -1.729043
v -2.965789 -0.446682 -1.854215
v -2.959964 -0.403551 -1.920327
v -1.923352 -0.466667 -1.964583
v -1.346901 -0.466667 -1.964584
v -0.682609 -0.466667 -1.964584
v -3.000000 0.700000 -1.229330
v -3.000000 0.700000 -0.856511
v -3.000000 0.700000 -0.427832
v -0.682609 0.700000 -2.000000
v -1.346901 0.700000 -2.000000
v -1.923352 0.700000 -2.000000
v -2.925931 -0.403551 -1.955003
v -2.844859 -0.446682 -1.961550
v -2.673097 -0.464169 -1.964204
v -2.373950 -0.700000 -1.229329
v -2.373950 -0.700000 -0.856511
v -2.373950 -0.700000 -0.427832
v -2.373950 0.353646 -1.999447
v -2.373950 0.029167 -1.995573
v -2.373950 -0.251563 -1.985059
v -2.968488 -0.466667 -0.427832
v -2.968488 -0.466667 -0.856511
v -2.968488 -0.466667 -1.229329
v -2.986706 0.700000 -1.927832
v -2.996061 0.700000 -1.856511
v -2.999508 0.700000 -1.729330
v -2.373950 -0.601563 -1.927832
v -2.373950 -0.670833 -1.856511
v -2.373950 -0.696354 -1.729329
v -1.923352 -0.700000 -1.525000
v -1.346901 -0.700000 -1.525000
v -0.682609 -0.700000 -1.525000
v -2.999508 0.353646 -1.525000
v -2.996061 0.029167 -1.525000
v -2.986706 -0.251563 -1.525000
v -2.932609 -0.601563 -1.525000
v -2.846901 -0.670833 -1.525000
v -2.673352 -0.696354 -1.525000
v -2.673169 -0.250128 -1.984576
v -2.673289 0.029639 -1.995040
v -2.673344 0.353705 -1.998896
v -2.845434 -0.240085 -1.981195
v -2.846391 0.032948 -1.991310
v -2.846838 0.354118 -1.995040
v -2.928033 -0.217681 -1.972169
v -2.931059 0.040037 -1.981195
v -2.932415 0.355005 -1.984576
v -2.673352 -0.696354 -1.229329
v -2.846901 -0.670833 -1.229330
v -2.932609 -0.601563 -1.229329
v -2.673352 -0.696354 -0.856511
v -2.846901 -0.670833 -0.856510
v -2.932609 -0.601563 -0.856511
v -2.673352 -0.696354 -0.427832
v -2.846901 -0.670833 -0.427832
v -2.932609 -0.601563 -0.427832
v -2.986706 -0.251563 -1.229330
v -2.996061 0.029167 -1.229330
v -2.999508 0.353646 -1.229330
v -2.986706 -0.251563 -0.856511
v -2.996061 0.029167 -0.856510
v -2.999508 0.353646 -0.856510
v -2.986706 -0.251563 -0.427832
v -2.996061 0.029167 -0.427832
v -2.999508 0.353646 -0.427832
v -0.682609 -0.700000 -1.229329
v -1.346901 -0.700000 -1.229330
v -1.923352 -0.700000 -1.229329
v -0.682609 -0.700000 -0.856511
v -1.346901 -0.700000 -0.856510
v -1.923352 -0.700000 -0.856511
v -0.682609 -0.700000 -0.427832
v -1.346901 -0.700000 -0.427832
v -1.923352 -0.700000 -0.427832
v -0.682609 -0.251563 -1.985059
v -0.682609 0.029167 -1.995573
v -0.682609 0.353646 -1.999447
v -1.346901 -0.251563 -1.985059
v -1.346901 0.029167 -1.995573
v -1.346901 0.353646 -1.999447
v -1.923352 -0.251563 -1.985059
v -1.923352 0.029167 -1.995573
v -1.923352 0.353646 -1.999447
v -0.682609 -0.601563 -1.927832
v -1.346901 -0.601563 -1.927832
v -1.923352 -0.601563 -1.927832
v -0.682609 -0.670833 -1.856510
v -1.346901 -0.670833 -1.856510
v -1.923352 -0.670833 -1.856510
v -0.682609 -0.696354 -1.729330
v -1.346901 -0.696354 -1.729329
v -1.923352 -0.696354 -1.729330
v -2.975237 -0.217681 -1.922689
v -2.983268 0.040037 -1.926090
v -2.986276 0.355005 -1.927614
v -2.983268 -0.240085 -1.854861
v -2.992268 0.032948 -1.855937
v -2.995587 0.354118 -1.856439
v -2.986276 -0.250128 -1.729123
v -2.995587 0.029639 -1.729258
v -2.999018 0.353705 -1.729321
v -2.673169 -0.598381 -1.927614
v -2.845434 -0.576109 -1.926090
v -2.928033 -0.516639 -1.922689
v -2.673288 -0.667323 -1.856439
v -2.846391 -0.642747 -1.855937
v -2.931059 -0.576109 -1.854861
v -2.673344 -0.692725 -1.729321
v -2.846838 -0.667323 -1.729258
v -2.932415 -0.598381 -1.729123
v 3.000000 0.700000 0.000000
v 2.373950 -0.700000 0.000000
v 2.968488 -0.466667 0.000000
v 2.932609 -0.601563 0.000000
v 2.846901 -0.670833 0.000000
v 2.673352 -0.696354 0.000000
v 2.999508 0.353646 0.000000
v 2.996061 0.029167 0.000000
v 2.986706 -0.251563 0.000000
v 1.923352 -0.700000 0.000000
v 1.346901 -0.700000 0.000000
v 0.682609 -0.700000 0.000000
v 0.000000 -0.700000 0.000000
v -3.000000 0.700000 0.000000
v -2.373950 -0.700000 0.000000
v -2.968488 -0.466667 0.000000
v -2.932609 -0.601563 0.000000
v -2.846901 -0.670833 0.000000
v -2.673352 -0.696354 0.000000
v -2.999508 0.353646 0.000000
v -2.996061 0.029167 0.000000
v -2.986706 -0.251563 0.000000
v -1.923352 -0.700000 0.000000
v -1.346901 -0.700000 0.000000
v -0.682609 -0.700000 0.000000
v 2.952731 -0.350000 1.946875
v 2.968488 0.700000 1.964584
v 2.373950 0.700000 2.000000
v 2.373950 -0.466667 1.964583
v 2.968488 -0.466667 1.525000
v 3.000000 0.700000 1.525000
v 2.373950 -0.700000 1.525000
v 2.673352 0.700000 1.999447
v 2.846902 0.700000 1.995573
v 2.932610 0.700000 1.985059
v 2.968150 0.355536 1.964204
v 2.965789 0.044290 1.961550
v 2.959964 -0.202119 1.955003
v 2.968150 -0.464169 1.729043
v 2.965789 -0.446682 1.854215
v 2.959964 -0.403551 1.920327
v 1.923352 -0.466667 1.964583
v 1.346901 -0.466667 1.964584
v 0.682609 -0.466667 1.964584
v 3.000000 0.700000 1.229330
v 3.000000 0.700000 0.856511
v 3.000000 0.700000 0.427832
v 0.682609 0.700000 2.000000
v 1.346901 0.700000 2.000000
v 1.923352 0.700000 2.000000
v 2.925931 -0.403551 1.955003
v 2.844859 -0.446682 1.961550
v 2.673097 -0.464169 1.964204
v 2.373950 -0.700000 1.229329
v 2.373950 -0.700000 0.856511
v 2.373950 -0.700000 0.427832
v 2.373950 0.353646 1.999447
v 2.373950 0.029167 1.995573
v 2.373950 -0.251563 1.985059
v 2.968488 -0.466667 0.427832
v 2.968488 -0.466667 0.856511
v 2.968488 -0.466667 1.229329
v 2.986706 0.700000 1.927832
v 2.996061 0.700000 1.856511
v 2.999508 0.700000 1.729330
v 2.373950 -0.601563 1.927832
v 2.373950 -0.670833 1.856511
v 2.373950 -0.696354 1.729329
v 1.923352 -0.700000 1.525000
v 1.346901 -0.700000 1.525000
v 0.682609 -0.700000 1.525000
v 2.999508 0.353646 1.525000
v 2.996061 0.029167 1.525000
v 2.986706 -0.251563 1.525000
v 2.932609 -0.601563 1.525000
v 2.846901 -0.670833 1.525000
v 2.673352 -0.696354 1.525000
v 2.673169 -0.250128 1.984576
v 2.673289 0.029639 1.995040
v 2.673344 0.353705 1.998896
v 2.845434 -0.240085 1.981195
v 2.846391 0.032948 1.991310
v 2.846838 0.354118 1.995040
v 2.928033 -0.217681 1.972169
v 2.931059 0.040037 1.981195
v 2.932415 0.355005 1.984576
v 2.673352 -0.696354 1.229329
v 2.846901 -0.670833 1.229330
v 2.932609 -0.601563 1.229329
v 2.673352 -0.696354 0.856511
v 2.846901 -0.670833 0.856510
v 2.932609 -0.601563 0.856511
v 2.673352 -0.696354 0.427832
v 2.846901 -0.670833 0.427832
v 2.932609 -0.601563 0.427832
v 2.986706 -0.251563 1.229330
v 2.996061 0.029167 1.229330
v 2.999508 0.353646 1.229330
v 2.986706 -0.251563 0.856511
v 2.996061 0.029167 0.856510
v 2.999508 0.353646 0.856510
v 2.986706 -0.251563 0.427832
v 2.996061 0.029167 0.427832
v 2.999508 0.353646 0.427832
v 0.682609 -0.700000 1.229329
v 1.346901 -0.700000 1.229330
v 1.923352 -0.700000 1.229329
v 0.682609 -0.700000 0.856511
v 1.346901 -0.700000 0.856510
v 1.923352 -0.700000 0.856511
v 0.682609 -0.700000 0.427832
v 1.346901 -0.700000 0.427832
v 1.923352 -0.700000 0.427832
v 0.682609 -0.251563 1.985059
v 0.682609 0.029167 1.995573
v 0.682609 0.353646 1.999447
v 1.346901 -0.251563 1.985059
v 1.346901 0.029167 1.995573
v 1.346901 0.353646 1.999447
v 1.923352 -0.251563 1.985059
v 1.923352 0.029167 1.995573
v 1.923352 0.353646 1.999447
v 0.682609 -0.601563 1.927832
v 1.346901 -0.601563 1.927832
v 1.923352 -0.601563 1.927832
v 0.682609 -0.670833 1.856510
v 1.346901 -0.670833 1.856510
v 1.923352 -0.670833 1.856510
v 0.682609 -0.696354 1.729330
v 1.346901 -0.696354 1.729329
v 1.923352 -0.696354 1.729330
v 2.975237 -0.217681 1.922689
v 2.983268 0.040037 1.926090
v 2.986276 0.355005 1.927614
v 2.983268 -0.240085 1.854861
v 2.992268 0.032948 1.855937
v 2.995587 0.354118 1.856439
v 2.986276 -0.250128 1.729123
v 2.995587 0.029639 1.729258
v 2.999018 0.353705 1.729321
v 2.673169 -0.598381 1.927614
v 2.845434 -0.576109 1.926090
v 2.928033 -0.516639 1.922689
v 2.673288 -0.667323 1.856439
v 2.846391 -0.642747 1.855937
v 2.931059 -0.576109 1.854861
v 2.673344 -0.692725 1.729321
v 2.846838 -0.667323 1.729258
v 2.932415 -0.598381 1.729123
v 0.000000 -0.466667 1.964583
v 0.000000 0.700000 2.000000
v 0.000000 -0.700000 1.525000
v 0.000000 -0.700000 0.427832
v 0.000000 -0.700000 0.856511
v 0.000000 -0.700000 1.229329
v 0.000000 -0.251563 1.985059
v 0.000000 0.029167 1.995573
v 0.000000 0.353646 1.999447
v 0.000000 -0.696354 1.729329
v 0.000000 -0.670833 1.856511
v 0.000000 -0.601563 1.927832
v -2.952731 -0.350000 1.946875
v -2.968488 0.700000 1.964584
v -2.373950 0.700000 2.000000
v -2.373950 -0.466667 1.964583
v -2.968488 -0.466667 1.525000
v -3.000000 0.700000 1.525000
v -2.373950 -0.700000 1.525000
v -2.673352 0.700000 1.999447
v -2.846902 0.700000 1.995573
v -2.932610 0.700000 1.985059
v -2.968150 0.355536 1.964204
v -2.965789 0.044290 1.961550
v -2.959964 -0.202119 1.955003
v -2.968150 -0.464169 1.729043
v -2.965789 -0.446682 1.854215
v -2.959964 -0.403551 1.920327
v -1.923352 -0.466667 1.964583
v -1.346901 -0.466667 1.964584
v -0.682609 -0.466667 1.964584
v -3.000000 0.700000 1.229330
v -3.000000 0.700000 0.856511
v -3.000000 0.700000 0.427832
v -0.682609 0.700000 2.000000
v -1.346901 0.700000 2.000000
v -1.923352 0.700000 2.000000
v -2.925931 -0.403551 1.955003
v -2.844859 -0.446682 1.961550
v -2.673097 -0.464169 1.964204
v -2.373950 -0.700000 1.229329
v -2.373950 -0.700000 0.856511
v -2.373950 -0.700000 0.427832
v -2.373950 0.353646 1.999447
v -2.373950 0.029167 1.995573
v -2.373950 -0.251563 1.985059
v -2.968488 -0.466667 0.427832
v -2.968488 -0.466667 0.856511
v -2.968488 -0.466667 1.229329
v -2.986706 0.700000 1.927832
v -2.996061 0.700000 1.856511
v -2.999508 0.700000 1.729330
v -2.373950 -0.601563 1.927832
v -2.373950 -0.670833 1.856511
v -2.373950 -0.696354 1.729329
v -1.923352 -0.700000 1.525000
v -1.346901 -0.700000 1.525000
v -0.682609 -0.700000 1.525000
v -2.999508 0.353646 1.525000
v -2.996061 0.029167 1.525000
v -2.986706 -0.251563 1.525000
v -2.932609 -0.601563 1.525000
v -2.846901 -0.670833 1.525000
v -2.673352 -0.696354 1.525000
v -2.673169 -0.250128 1.984576
v -2.673289 0.029639 1.995040
v -2.673344 0.353705 1.998896
v -2.845434 -0.240085 1.981195
v -2.846391 0.032948 1.991310
v -2.846838 0.354118 1.995040
v -2.928033 -0.217681 1.972169
v -2.931059 0.040037 1.981195
v -2.932415 0.355005 1.984576
v -2.673352 -0.696354 1.229329
v -2.846901 -0.670833 1.229330
v -2.932609 -0.601563 1.229329
v -2.673352 -0.696354 0.856511
v -2.846901 -0.670833 0.856510
v -2.932609 -0.601563 0.856511
v -2.673352 -0.696354 0.427832
v -2.846901 -0.670833 0.427832
v -2.932609 -0.601563 0.427832
v -2.986706 -0.251563 1.229330
v -2.996061 0.029167 1.229330
v -2.999508 0.353646 1.229330
v -2.986706 -0.251563 0.856511
v -2.996061 0.029167 0.856510
v -2.999508 0.353646 0.856510
v -2.986706 -0.251563 0.427832
v -2.996061 0.029167 0.427832
v -2.999508 0.353646 0.427832
v -0.682609 -0.700000 1.229329
v -1.346901 -0.700000 1.229330
v -1.923352 -0.700000 1.229329
v -0.682609 -0.700000 0.856511
v -1.346901 -0.700000 0.856510
v -1.923352 -0.700000 0.856511
v -0.682609 -0.700000 0.427832
v -1.346901 -0.700000 0.427832
v -1.923352 -0.700000 0.427832
v -0.682609 -0.251563 1.985059
v -0.682609 0.029167 1.995573
v -0.682609 0.353646 1.999447
v -1.346901 -0.251563 1.985059
v -1.346901 0.029167 1.995573
v -1.346901 0.353646 1.999447
v -1.923352 -0.251563 1.985059
v -1.923352 0.029167 1.995573
v -1.923352 0.353646 1.999447
v -0.682609 -0.601563 1.927832
v -1.346901 -0.601563 1.927832
v -1.923352 -0.601563 1.927832
v -0.682609 -0.670833 1.856510
v -1.346901 -0.670833 1.856510
v -1.923352 -0.670833 1.856510
v -0.682609 -0.696354 1.729330
v -1.346901 -0.696354 1.729329
v -1.923352 -0.696354 1.729330
v -2.975237 -0.217681 1.922689
v -2.983268 0.040037 1.926090
v -2.986276 0.355005 1.927614
v -2.983268 -0.240085 1.854861
v -2.992268 0.032948 1.855937
v -2.995587 0.354118 1.856439
v -2.986276 -0.250128 1.729123
v -2.995587 0.029639 1.729258
v -2.999018 0.353705 1.729321
v -2.673169 -0.598381 1.927614
v -2.845434 -0.576109 1.926090
v -2.928033 -0.516639 1.922689
v -2.673288 -0.667323 1.856439
v -2.846391 -0.642747 1.855937
v -2.931059 -0.576109 1.854861
v -2.673344 -0.692725 1.729321
v -2.846838 -0.667323 1.729258
v -2.932415 -0.598381 1.729123
v 2.903268 -0.349664 -1.924255
v 2.918669 0.700006 -1.942292
v 2.373867 0.700008 -1.960000
v 2.373822 -0.465764 -1.924667
v 2.908538 -0.466091 -1.524948
v 2.940001 0.700005 -1.524968
v 2.372389 -0.686009 -1.523983
v 2.672267 0.700008 -1.959453
v 2.840461 0.700008 -1.955804
v 2.906798 0.700007 -1.948949
v 2.918342 0.355561 -1.941902
v 2.916017 0.044371 -1.939213
v 2.910275 -0.201947 -1.932588
v 2.908215 -0.463563 -1.728365
v 2.906134 -0.446041 -1.850342
v 2.903349 -0.402970 -1.907185
v 1.923352 -0.465769 -1.924666
v 1.346901 -0.465769 -1.924666
v 0.682609 -0.465769 -1.924666
v 2.940001 0.700005 -1.229330
v 2.940001 0.700005 -0.856511
v 2.940001 0.700005 -0.427832
v 0.682609 0.700008 -1.960000
v 1.346901 0.700008 -1.960000
v 1.923352 0.700008 -1.960000
v 2.892508 -0.402829 -1.921849
v 2.833978 -0.445698 -1.922314
v 2.671321 -0.463219 -1.924314
v 2.372386 -0.686005 -1.229329
v 2.372386 -0.686005 -0.856511
v 2.372386 -0.686005 -0.427832
v 2.373867 0.353679 -1.959447
v 2.373868 0.029288 -1.955575
v 2.373862 -0.251237 -1.945070
v 2.908538 -0.466095 -0.427832
v 2.908538 -0.466095 -0.856511
v 2.908538 -0.466095 -1.229329
v 2.927939 0.700005 -1.919763
v 2.936144 0.700005 -1.854409
v 2.939511 0.700005 -1.728937
v 2.373608 -0.598475 -1.888818
v 2.372963 -0.661789 -1.825986
v 2.372468 -0.682921 -1.718108
v 1.923352 -0.686005 -1.523981
v 1.346901 -0.686005 -1.523982
v 0.682609 -0.686005 -1.523981
v 2.939508 0.353666 -1.524968
v 2.936062 0.029238 -1.524969
v 2.926712 -0.251369 -1.524966
v 2.873507 -0.599150 -1.524829
v 2.799122 -0.662368 -1.524399
v 2.655296 -0.683007 -1.524041
v 2.672010 -0.249793 -1.944595
v 2.672216 0.029761 -1.955048
v 2.672266 0.353738 -1.958902
v 2.838614 -0.239737 -1.941467
v 2.840021 0.033071 -1.951537
v 2.840427 0.354151 -1.955269
v 2.902892 -0.217396 -1.935859
v 2.905409 0.040149 -1.945036
v 2.906646 0.355035 -1.948453
v 2.655207 -0.683010 -1.229329
v 2.798947 -0.662419 -1.229330
v 2.873489 -0.599173 -1.229329
v 2.655206 -0.683010 -0.856511
v 2.798947 -0.662419 -0.856510
v 2.873489 -0.599173 -0.856511
v 2.655207 -0.683010 -0.427832
v 2.798947 -0.662419 -0.427832
v 2.873489 -0.599173 -0.427832
v 2.926712 -0.251370 -1.229330
v 2.936062 0.029238 -1.229330
v 2.939508 0.353666 -1.229330
v 2.926711 -0.251370 -0.856511
v 2.936062 0.029238 -0.856510
v 2.939508 0.353666 -0.856510
v 2.926712 -0.251370 -0.427832
v 2.936062 0.029238 -0.427832
v 2.939508 0.353666 -0.427832
v 0.682609 -0.686000 -1.229329
v 1.346901 -0.686000 -1.229330
v 1.923352 -0.686000 -1.229329
v 0.682609 -0.686000 -0.856511
v 1.346901 -0.686000 -0.856510
v 1.923352 -0.686000 -0.856511
v 0.682609 -0.686000 -0.427832
v 1.346901 -0.686000 -0.427832
v 1.923352 -0.686000 -0.427832
v 0.682609 -0.251238 -1.945069
v 0.682609 0.029288 -1.955575
v 0.682609 0.353679 -1.959447
v 1.346901 -0.251238 -1.945070
v 1.346901 0.029288 -1.955575
v 1.346901 0.353679 -1.959447
v 1.923352 -0.251238 -1.945069
v 1.923352 0.029288 -1.955575
v 1.923352 0.353679 -1.959447
v 0.682609 -0.598501 -1.888801
v 1.346901 -0.598501 -1.888801
v 1.923352 -0.598501 -1.888801
v 0.682609 -0.661835 -1.825866
v 1.346901 -0.661835 -1.825866
v 1.923352 -0.661835 -1.825866
v 0.682609 -0.682922 -1.718054
v 1.346901 -0.682922 -1.718054
v 1.923352 -0.682922 -1.718054
v 2.916439 -0.217491 -1.914741
v 2.924497 0.040111 -1.918041
v 2.927507 0.355025 -1.919554
v 2.923370 -0.239879 -1.852607
v 2.932351 0.033021 -1.853847
v 2.935669 0.354138 -1.854345
v 2.926285 -0.249930 -1.728703
v 2.935591 0.029712 -1.728869
v 2.939021 0.353725 -1.728930
v 2.668139 -0.595080 -1.888887
v 2.819327 -0.573165 -1.891071
v 2.882589 -0.515225 -1.896887
v 2.660604 -0.658172 -1.827371
v 2.807279 -0.636240 -1.831969
v 2.875389 -0.573586 -1.841800
v 2.656401 -0.679805 -1.718853
v 2.801013 -0.658669 -1.721811
v 2.873568 -0.595783 -1.726718
v 0.000000 -0.465769 -1.924666
v 0.000000 0.700008 -1.960000
v 0.000000 -0.686005 -1.523982
v 0.000000 -0.686000 -0.427832
v -0.000000 -0.686000 -0.856511
v 0.000000 -0.686000 -1.229329
v 0.000000 -0.251238 -1.945069
v 0.000000 0.029288 -1.955575
v 0.000000 0.353679 -1.959447
v -0.000000 -0.682922 -1.718054
v -0.000000 -0.661835 -1.825867
v 0.000000 -0.598501 -1.888801
v -2.903268 -0.349664 -1.924255
v -2.918669 0.700006 -1.942292
v -2.373867 0.700008 -1.960000
v -2.373822 -0.465764 -1.924667
v -2.908538 -0.466091 -1.524948
v -2.940001 0.700005 -1.524968
v -2.372389 -0.686009 -1.523983
v -2.672267 0.700008 -1.959453
v -2.840461 0.700008 -1.955804
v -2.906798 0.700007 -1.948949
v -2.918342 0.355561 -1.941902
v -2.916017 0.044371 -1.939213
v -2.910275 -0.201947 -1.932588
v -2.908215 -0.463563 -1.728365
v -2.906134 -0.446041 -1.850342
v -2.903349 -0.402970 -1.907185
v -1.923352 -0.465769 -1.924666
v -1.346901 -0.465769 -1.924666
v -0.682609 -0.465769 -1.924666
v -2.940001 0.700005 -1.229330
v -2.940001 0.700005 -0.856511
v -2.940001 0.700005 -0.427832
v -0.682609 0.700008 -1.960000
v -1.346901 0.700008 -1.960000
v -1.923352 0.700008 -1.960000
v -2.892508 -0.402829 -1.921849
v -2.833978 -0.445698 -1.922314
v -2.671321 -0.463219 -1.924314
v -2.372386 -0.686005 -1.229329
v -2.372386 -0.686005 -0.856511
v -2.372386 -0.686005 -0.427832
v -2.373867 0.353679 -1.959447
v -2.373868 0.029288 -1.955575
v -2.373862 -0.251237 -1.945070
v -2.908538 -0.466095 -0.427832
v -2.908538 -0.466095 -0.856511
v -2.908538 -0.466095 -1.229329
v -2.927939 0.700005 -1.919763
v -2.936144 0.700005 -1.854409
v -2.939511 0.700005 -1.728937
v -2.373608 -0.598475 -1.888818
v -2.372963 -0.661789 -1.825986
v -2.372468 -0.682921 -1.718108
v -1.923352 -0.686005 -1.523981
v -1.346901 -0.686005 -1.523982
v -0.682609 -0.686005 -1.523981
v -2.939508 0.353666 -1.524968
v -2.936062 0.029238 -1.524969
v -2.926712 -0.251369 -1.524966
v -2.873507 -0.599150 -1.524829
v -2.799122 -0.662368 -1.524399
v -2.655296 -0.683007 -1.524041
v -2.672010 -0.249793 -1.944595
v -2.672216 0.029761 -1.955048
v -2.672266 0.353738 -1.958902
v -2.838614 -0.239737 -1.941467
v -2.840021 0.033071 -1.951537
v -2.840427 0.354151 -1.955269
v -2.902892 -0.217396 -1.935859
v -2.905409 0.040149 -1.945036
v -2.906646 0.355035 -1.948453
v -2.655207 -0.683010 -1.229329
v -2.798947 -0.662419 -1.229330
v -2.873489 -0.599173 -1.229329
v -2.655206 -0.683010 -0.856511
v -2.798947 -0.662419 -0.856510
v -2.873489 -0.599173 -0.856511
v -2.655207 -0.683010 -0.427832
v -2.798947 -0.662419 -0.427832
v -2.873489 -0.599173 -0.427832
v -2.926712 -0.251370 -1.229330
v -2.936062 0.029238 -1.229330
v -2.939508 0.353666 -1.229330
v -2.926711 -0.251370 -0.856511
v -2.936062 0.029238 -0.856510
v -2.939508 0.353666 -0.856510
v -2.926712 -0.251370 -0.427832
v -2.936062 0.029238 -0.427832
v -2.939508 0.353666 -0.427832
v -0.682609 -0.686000 -1.229329
v -1.346901 -0.686000 -1.229330
v -1.923352 -0.686000 -1.229329
v -0.682609 -0.686000 -0.856511
v -1.346901 -0.686000 -0.856510
v -1.923352 -0.686000 -0.856511
v -0.682609 -0.686000 -0.427832
v -1.346901 -0.686000 -0.427832
v -1.923352 -0.686000 -0.427832
v -0.682609 -0.251238 -1.945069
v -0.682609 0.029288 -1.955575
v -0.682609 0.353679 -1.959447
v -1.346901 -0.251238 -1.945070
v -1.346901 0.029288 -1.955575
v -1.346901 0.353679 -1.959447
v -1.923352 -0.251238 -1.945069
v -1.923352 0.029288 -1.955575
v -1.923352 0.353679 -1.959447
v -0.682609 -0.598501 -1.888801
v -1.346901 -0.598501 -1.888801
v -1.923352 -0.598501 -1.888801
v -0.682609 -0.661835 -1.825866
v -1.346901 -0.661835 -1.825866
v -1.923352 -0.661835 -1.825866
v -0.682609 -0.682922 -1.718054
v -1.346901 -0.682922 -1.718054
v -1.923352 -0.682922 -1.718054
v -2.916439 -0.217491 -1.914741
v -2.924497 0.040111 -1.918041
v -2.927507 0.355025 -1.919554
v -2.923370 -0.239879 -1.852607
v -2.932351 0.033021 -1.853847
v -2.935669 0.354138 -1.854345
v -2.926285 -0.249930 -1.728703
v -2.935591 0.029712 -1.728869
v -2.939021 0.353725 -1.728930
v -2.668139 -0.595080 -1.888887
v -2.819327 -0.573165 -1.891071
v -2.882589 -0.515225 -1.896887
v -2.660604 -0.658172 -1.827371
v -2.807279 -0.636240 -1.831969
v -2.875389 -0.573586 -1.841800
v -2.656401 -0.679805 -1.718853
v -2.801013 -0.658669 -1.721811
v -2.873568 -0.595783 -1.726718
v 2.940001 0.700005 0.000000
v 2.372386 -0.686005 0.000000
v 2.908538 -0.466095 0.000000
v 2.873489 -0.599173 -0.000000
v 2.798946 -0.662419 0.000000
v 2.655206 -0.683010 0.000000
v 2.939508 0.353666 0.000000
v 2.936062 0.029238 0.000000
v 2.926711 -0.251370 0.000000
v 1.923352 -0.686000 -0.000000
v 1.346901 -0.686000 0.000000
v 0.682609 -0.686000 0.000000
v 0.000000 -0.686000 0.000000
v -2.940001 0.700005 0.000000
v -2.372386 -0.686005 0.000000
v -2.908538 -0.466095 -0.000000
v -2.873489 -0.599173 0.000000
v -2.798946 -0.662419 -0.000000
v -2.655206 -0.683010 -0.000000
v -2.939508 0.353666 0.000000
v -2.936062 0.029238 0.000000
v -2.926711 -0.251370 -0.000000
v -1.923352 -0.686000 -0.000000
v -1.346901 -0.686000 0.000000
v -0.682609 -0.686000 0.000000
v 2.903268 -0.349664 1.924255
v 2.918669 0.700006 1.942292
v 2.373867 0.700008 1.960000
v 2.373822 -0.465764 1.924667
v 2.908538 -0.466091 1.524948
v 2.940001 0.700005 1.524968
v 2.372389 -0.686009 1.523983
v 2.672267 0.700008 1.959453
v 2.840461 0.700008 1.955804
v 2.906798 0.700007 1.948949
v 2.918342 0.355561 1.941902
v 2.916017 0.044371 1.939213
v 2.910275 -0.201947 1.932588
v 2.908215 -0.463563 1.728365
v 2.906134 -0.446041 1.850342
v 2.903349 -0.402970 1.907185
v 1.923352 -0.465769 1.924666
v 1.346901 -0.465769 1.924666
v 0.682609 -0.465769 1.924666
v 2.940001 0.700005 1.229330
v 2.940001 0.700005 0.856511
v 2.940001 0.700005 0.427832
v 0.682609 0.700008 1.960000
v 1.346901 0.700008 1.960000
v 1.923352 0.700008 1.960000
v 2.892508 -0.402829 1.921849
v 2.833978 -0.445698 1.922314
v 2.671321 -0.463219 1.924314
v 2.372386 -0.686005 1.229329
v 2.372386 -0.686005 0.856511
v 2.372386 -0.686005 0.427832
v 2.373867 0.353679 1.959447
v 2.373868 0.029288 1.955575
v 2.373862 -0.251237 1.945070
v 2.908538 -0.466095 0.427832
v 2.908538 -0.466095 0.856511
v 2.908538 -0.466095 1.229329
v 2.927939 0.700005 1.919763
v 2.936144 0.700005 1.854409
v 2.939511 0.700005 1.728937
v 2.373608 -0.598475 1.888818
v 2.372963 -0.661789 1.825986
v 2.372468 -0.682921 1.718108
v 1.923352 -0.686005 1.523981
v 1.346901 -0.686005 1.523982
v 0.682609 -0.686005 1.523981
v 2.939508 0.353666 1.524968
v 2.936062 0.029238 1.524969
v 2.926712 -0.251369 1.524966
v 2.873507 -0.599150 1.524829
v 2.799122 -0.662368 1.524399
v 2.655296 -0.683007 1.524041
v 2.672010 -0.249793 1.944595
v 2.672216 0.029761 1.955048
v 2.672266 0.353738 1.958902
v 2.838614 -0.239737 1.941467
v 2.840021 0.033071 1.951537
v 2.840427 0.354151 1.955269
v 2.902892 -0.217396 1.935859
v 2.905409 0.040149 1.945036
v 2.906646 0.355035 1.948453
v 2.655207 -0.683010 1.229329
v 2.798947 -0.662419 1.229330
v 2.873489 -0.599173 1.229329
v 2.655206 -0.683010 0.856511
v 2.798947 -0.662419 0.856510
v 2.873489 -0.599173 0.856511
v 2.655207 -0.683010 0.427832
v 2.798947 -0.662419 0.427832
v 2.873489 -0.599173 0.427832
v 2.926712 -0.251370 1.229330
v 2.936062 0.029238 1.229330
v 2.939508 0.353666 1.229330
v 2.926711 -0.251370 0.856511
v 2.936062 0.029238 0.856510
v 2.939508 0.353666 0.856510
v 2.926712 -0.251370 0.427832
v 2.936062 0.029238 0.427832
v 2.939508 0.353666 0.427832
v 0.682609 -0.686000 1.229329
v 1.346901 -0.686000 1.229330
v 1.923352 -0.686000 1.229329
v 0.682609 -0.686000 0.856511
v 1.346901 -0.686000 0.856510
v 1.923352 -0.686000 0.856511
v 0.682609 -0.686000 0.427832
v 1.346901 -0.686000 0.427832
v 1.923352 -0.686000 0.427832
v 0.682609 -0.251238 1.945069
v 0.682609 0.029288 1.955575
v 0.682609 0.353679 1.959447
v 1.346901 -0.251238 1.945070
v 1.346901 0.029288 1.955575
v 1.346901 0.353679 1.959447
v 1.923352 -0.251238 1.945069
v 1.923352 0.029288 1.955575
v 1.923352 0.353679 1.959447
v 0.682609 -0.598501 1.888801
v 1.346901 -0.598501 1.888801
v 1.923352 -0.598501 1.888801
v 0.682609 -0.661835 1.825866
v 1.346901 -0.661835 1.825866
v 1.923352 -0.661835 1.825866
v 0.682609 -0.682922 1.718054
v 1.346901 -0.682922 1.718054
v 1.923352 -0.682922 1.718054
v 2.916439 -0.217491 1.914741
v 2.924497 0.040111 1.918041
v 2.927507 0.355025 1.919554
v 2.923370 -0.239879 1.852607
v 2.932351 0.033021 1.853847
v 2.935669 0.354138 1.854345
v 2.926285 -0.249930 1.728703
v 2.935591 0.029712 1.728869
v 2.939021 0.353725 1.728930
v 2.668139 -0.595080 1.888887
v 2.819327 -0.573165 1.891071
v 2.882589 -0.515225 1.896887
v 2.660604 -0.658172 1.827371
v 2.807279 -0.636240 1.831969
v 2.875389 -0.573586 1.841800
v 2.656401 -0.679805 1.718853
v 2.801013 -0.658669 1.721811
v 2.873568 -0.595783 1.726718
v 0.000000 -0.465769 1.924666
v 0.000000 0.700008 1.960000
v -0.000000 -0.686005 1.523982
v 0.000000 -0.686000 0.427832
v -0.000000 -0.686000 0.856511
v -0.000000 -0.686000 1.229329
v -0.000000 -0.251238 1.945069
v -0.000000 0.029288 1.955575
v 0.000000 0.353679 1.959447
v 0.000000 -0.682922 1.718054
v 0.000000 -0.661835 1.825867
v 0.000000 -0.598501 1.888801
v -2.903268 -0.349664 1.924255
v -2.918669 0.700006 1.942292
v -2.373867 0.700008 1.960000
v -2.373822 -0.465764 1.924667
v -2.908538 -0.466091 1.524948
v -2.940001 0.700005 1.524968
v -2.372389 -0.686009 1.523983
v -2.672267 0.700008 1.959453
v -2.840461 0.700008 1.955804
v -2.906798 0.700007 1.948949
v -2.918342 0.355561 1.941902
v -2.916017 0.044371 1.939213
v -2.910275 -0.201947 1.932588
v -2.908215 -0.463563 1.728365
v -2.906134 -0.446041 1.850342
v -2.903349 -0.402970 1.907185
v -1.923352 -0.465769 1.924666
v -1.346901 -0.465769 1.924666
v -0.682609 -0.465769 1.924666
v -2.940001 0.700005 1.229330
v -2.940001 0.700005 0.856511
v -2.940001 0.700005 0.427832
v -0.682609 0.700008 1.960000
v -1.346901 0.700008 1.960000
v -1.923352 0.700008 1.960000
v -2.892508 -0.402829 1.921849
v -2.833978 -0.445698 1.922314
v -2.671321 -0.463219 1.924314
v -2.372386 -0.686005 1.229329
v -2.372386 -0.686005 0.856511
v -2.372386 -0.686005 0.427832
v -2.373867 0.353679 1.959447
v -2.373868 0.029288 1.955575
v -2.373862 -0.251237 1.945070
v -2.908538 -0.466095 0.427832
v -2.908538 -0.466095 0.856511
v -2.908538 -0.466095 1.229329
v -2.927939 0.700005 1.919763
v -2.936144 0.700005 1.854409
v -2.939511 0.700005 1.728937
v -2.373608 -0.598475 1.888818
v -2.372963 -0.661789 1.825986
v -2.372468 -0.682921 1.718108
v -1.923352 -0.686005 1.523981
v -1.346901 -0.686005 1.523982
v -0.682609 -0.686005 1.523981
v -2.939508 0.353666 1.524968
v -2.936062 0.029238 1.524969
v -2.926712 -0.251369 1.524966
v -2.873507 -0.599150 1.524829
v -2.799122 -0.662368 1.524399
v -2.655296 -0.683007 1.524041
v -2.672010 -0.249793 1.944595
v -2.672216 0.029761 1.955048
v -2.672266 0.353738 1.958902
v -2.838614 -0.239737 1.941467
v -2.840021 0.033071 1.951537
v -2.840427 0.354151 1.955269
v -2.902892 -0.217396 1.935859
v -2.905409 0.040149 1.945036
v -2.906646 0.355035 1.948453
v -2.655207 -0.683010 1.229329
v -2.798947 -0.662419 1.229330
v -2.873489 -0.599173 1.229329
v -2.655206 -0.683010 0.856511
v -2.798947 -0.662419 0.856510
v -2.873489 -0.599173 0.856511
v -2.655207 -0.683010 0.427832
v -2.798947 -0.662419 0.427832
v -2.873489 -0.599173 0.427832
v -2.926712 -0.251370 1.229330
v -2.936062 0.029238 1.229330
v -2.939508 0.353666 1.229330
v -2.926711 -0.251370 0.856511
v -2.936062 0.029238 0.856510
v -2.939508 0.353666 0.856510
v -2.926712 -0.251370 0.427832
v -2.936062 0.029238 0.427832
v -2.939508 0.353666 0.427832
v -0.682609 -0.686000 1.229329
v -1.346901 -0.686000 1.229330
v -1.923352 -0.686000 1.229329
v -0.682609 -0.686000 0.856511
v -1.346901 -0.686000 0.856510
v -1.923352 -0.686000 0.856511
v -0.682609 -0.686000 0.427832
v -1.346901 -0.686000 0.427832
v -1.923352 -0.686000 0.427832
v -0.682609 -0.251238 1.945069
v -0.682609 0.029288 1.955575
v -0.682609 0.353679 1.959447
v -1.346901 -0.251238 1.945070
v -1.346901 0.029288 1.955575
v -1.346901 0.353679 1.959447
v -1.923352 -0.251238 1.945069
v -1.923352 0.029288 1.955575
v -1.923352 0.353679 1.959447
v -0.682609 -0.598501 1.888801
v -1.346901 -0.598501 1.888801
v -1.923352 -0.598501 1.888801
v -0.682609 -0.661835 1.825866
v -1.346901 -0.661835 1.825866
v -1.923352 -0.661835 1.825866
v -0.682609 -0.682922 1.718054
v -1.346901 -0.682922 1.718054
v -1.923352 -0.682922 1.718054
v -2.916439 -0.217491 1.914741
v -2.924497 0.040111 1.918041
v -2.927507 0.355025 1.919554
v -2.923370 -0.239879 1.852607
v -2.932351 0.033021 1.853847
v -2.935669 0.354138 1.854345
v -2.926285 -0.249930 1.728703
v -2.935591 0.029712 1.728869
v -2.939021 0.353725 1.728930
v -2.668139 -0.595080 1.888887
v -2.819327 -0.573165 1.891071
v -2.882589 -0.515225 1.896887
v -2.660604 -0.658172 1.827371
v -2.807279 -0.636240 1.831969
v -2.875389 -0.573586 1.841800
v -2.656401 -0.679805 1.718853
v -2.801013 -0.658669 1.721811
v -2.873568 -0.595783 1.726718
vn 0.0129 -0.0682 -0.9976
vn 0.0119 -0.0249 -0.9996
vn 0.0710 -0.0253 -0.9972
vn 0.0759 -0.0711 -0.9946
vn 0.0120 -0.0067 -0.9999
vn 0.0715 -0.0066 -0.9974
vn 0.3006 -0.0241 -0.9534
vn 0.2936 -0.0612 -0.9540
vn 0.1211 -0.0063 -0.9926
vn 0.0014 -0.1816 -0.9834
vn 0.0010 -0.0663 -0.9978
vn 0.0194 -0.1908 -0.9814
vn 0.0009 -0.0247 -0.9997
vn 0.0009 -0.0068 -1.0000
vn 0.0009 -0.0016 -1.0000
vn 0.0121 -0.0016 -0.9999
vn 0.0718 -0.0015 -0.9974
vn 0.1216 -0.0015 -0.9926
vn 0.4949 -0.0065 -0.8689
vn 0.4955 -0.0015 -0.8686
vn 0.4949 -0.0062 -0.8689
vn 0.4932 -0.0205 -0.8697
vn 0.4878 -0.0434 -0.8719
vn 0.4036 -0.1603 -0.9008
vn 0.6943 -0.0867 -0.7144
vn 0.1199 -0.1992 -0.9726
vn 0.0738 -0.9973 -0.0000
vn 0.1455 -0.9894 -0.0000
vn 0.6286 -0.7777 -0.0000
vn 0.8029 -0.5961 -0.0000
vn 0.0061 -0.9999 -0.0089
vn 0.0735 -0.9973 -0.0088
vn 0.0061 -1.0000 -0.0000
vn 0.1453 -0.9893 -0.0087
vn 0.6283 -0.7780 -0.0065
vn 0.8001 -0.5998 -0.0052
vn 0.9848 -0.1736 -0.0019
vn 0.9850 -0.1726 -0.0000
vn 0.9983 -0.0589 -0.0000
vn 0.9998 -0.0220 -0.0000
vn 1.0000 -0.0060 -0.0000
vn 0.9983 -0.0591 -0.0013
vn 0.9998 -0.0220 -0.0012
vn 1.0000 -0.0060 -0.0012
vn 1.0000 -0.0014 -0.0012
vn 1.0000 -0.0014 -0.0000
vn -0.0000 -1.0000 -0.0000
vn -0.0000 -1.0000 -0.0089
vn -0.0000 -0.0662 -0.9978
vn -0.0000 -0.0247 -0.9997
vn -0.0000 -0.0068 -1.0000
vn -0.0000 -0.1806 -0.9836
vn -0.0000 -0.0016 -1.0000
vn -0.0000 -0.5392 -0.8421
vn -0.0000 -0.5393 -0.8421
vn -0.0000 -0.7173 -0.6967
vn -0.0000 -0.9805 -0.1967
vn -0.0000 -0.9948 -0.1023
vn 0.0033 -0.5426 -0.8400
vn 0.0041 -0.7176 -0.6965
vn 0.0059 -0.9805 -0.1965
vn 0.0060 -0.9948 -0.1018
vn 0.9552 -0.0568 -0.2905
vn 0.9554 -0.0223 -0.2944
vn 0.9967 -0.0225 -0.0782
vn 0.9945 -0.0629 -0.0842
vn 0.9555 -0.0060 -0.2949
vn 0.9969 -0.0059 -0.0784
vn 0.9996 -0.0221 -0.0146
vn 0.9980 -0.0605 -0.0157
vn 0.9999 -0.0060 -0.0146
vn 0.8968 -0.0417 -0.4404
vn 0.8743 -0.1648 -0.4566
vn 0.8962 -0.0197 -0.4433
vn 0.8961 -0.0059 -0.4438
vn 0.8960 -0.0014 -0.4440
vn 0.9554 -0.0014 -0.2952
vn 0.9969 -0.0014 -0.0787
vn 0.9999 -0.0014 -0.0147
vn 0.9829 -0.1824 -0.0250
vn 0.9712 -0.1917 -0.1419
vn 0.0473 -0.5706 -0.8199
vn 0.0822 -0.4486 -0.8899
vn 0.1014 -0.7175 -0.6891
vn 0.0450 -0.7184 -0.6941
vn 0.4943 -0.6345 -0.5942
vn 0.8689 -0.3432 -0.3566
vn 0.7121 -0.5929 -0.3759
vn 0.6050 -0.7612 -0.2335
vn 0.0779 -0.9778 -0.1943
vn 0.1404 -0.9714 -0.1916
vn 0.1432 -0.9837 -0.1087
vn 0.0709 -0.9926 -0.0985
vn 0.7748 -0.6282 -0.0713
vn 0.6248 -0.7779 -0.0677
vn 0.2203 -0.2603 -0.9401
vn -0.0129 -0.0682 -0.9976
vn -0.0759 -0.0711 -0.9946
vn -0.0710 -0.0253 -0.9972
vn -0.0119 -0.0249 -0.9996
vn -0.0715 -0.0066 -0.9974
vn -0.0120 -0.0067 -0.9999
vn -0.2936 -0.0612 -0.9540
vn -0.3006 -0.0241 -0.9534
vn -0.1211 -0.0063 -0.9926
vn -0.0014 -0.1816 -0.9834
vn -0.0194 -0.1908 -0.9814
vn -0.0010 -0.0663 -0.9978
vn -0.0009 -0.0247 -0.9997
vn -0.0009 -0.0068 -1.0000
vn -0.0121 -0.0016 -0.9999
vn -0.0009 -0.0016 -1.0000
vn -0.0718 -0.0015 -0.9974
vn -0.1216 -0.0015 -0.9926
vn -0.4949 -0.0065 -0.8689
vn -0.4949 -0.0062 -0.8689
vn -0.4955 -0.0015 -0.8686
vn -0.4932 -0.0205 -0.8697
vn -0.4878 -0.0434 -0.8719
vn -0.4036 -0.1603 -0.9008
vn -0.6943 -0.0867 -0.7144
vn -0.1199 -0.1992 -0.9726
vn -0.0738 -0.9973 -0.0000
vn -0.1455 -0.9894 -0.0000
vn -0.6286 -0.7777 -0.0000
vn -0.8029 -0.5961 -0.0000
vn -0.0061 -0.9999 -0.0089
vn -0.0061 -1.0000 -0.0000
vn -0.0735 -0.9973 -0.0088
vn -0.1453 -0.9893 -0.0087
vn -0.6283 -0.7780 -0.0065
vn -0.8001 -0.5998 -0.0052
vn -0.9850 -0.1726 -0.0000
vn -0.9848 -0.1736 -0.0019
vn -0.9983 -0.0589 -0.0000
vn -0.9998 -0.0220 -0.0000
vn -1.0000 -0.0060 -0.0000
vn -0.9983 -0.0591 -0.0013
vn -0.9998 -0.0220 -0.0012
vn -1.0000 -0.0060 -0.0012
vn -1.0000 -0.0014 -0.0000
vn -1.0000 -0.0014 -0.0012
vn -0.0033 -0.5426 -0.8400
vn -0.0041 -0.7176 -0.6965
vn -0.0060 -0.9948 -0.1018
vn -0.0059 -0.9805 -0.1965
vn -0.9552 -0.0568 -0.2905
vn -0.9945 -0.0629 -0.0842
vn -0.9967 -0.0225 -0.0782
vn -0.9554 -0.0223 -0.2944
vn -0.9969 -0.0059 -0.0784
vn -0.9555 -0.0060 -0.2949
vn -0.9980 -0.0605 -0.0157
vn -0.9996 -0.0221 -0.0146
vn -0.9999 -0.0060 -0.0146
vn -0.8743 -0.1648 -0.4566
vn -0.8968 -0.0417 -0.4404
vn -0.8962 -0.0197 -0.4433
vn -0.8961 -0.0059 -0.4438
vn -0.9554 -0.0014 -0.2952
vn -0.8960 -0.0014 -0.4440
vn -0.9969 -0.0014 -0.0787
vn -0.9999 -0.0014 -0.0147
vn -0.9829 -0.1824 -0.0250
vn -0.9712 -0.1917 -0.1419
vn -0.0473 -0.5706 -0.8199
vn -0.0450 -0.7184 -0.6941
vn -0.1014 -0.7175 -0.6891
vn -0.0822 -0.4486 -0.8899
vn -0.4943 -0.6345 -0.5942
vn -0.6050 -0.7612 -0.2335
vn -0.7121 -0.5929 -0.3759
vn -0.8689 -0.3432 -0.3566
vn -0.0779 -0.9778 -0.1943
vn -0.0709 -0.9926 -0.0985
vn -0.1432 -0.9837 -0.1087
vn -0.1404 -0.9714 -0.1916
vn -0.6248 -0.7779 -0.0677
vn -0.7748 -0.6282 -0.0713
vn -0.2203 -0.2603 -0.9401
vn 0.0129 -0.0682 0.9976
vn 0.0759 -0.0711 0.9946
vn 0.0710 -0.0253 0.9972
vn 0.0119 -0.0249 0.9996
vn 0.0715 -0.0066 0.9974
vn 0.0120 -0.0067 0.9999
vn 0.2936 -0.0612 0.9540
vn 0.3006 -0.0241 0.9534
vn 0.1211 -0.0063 0.9926
vn 0.0014 -0.1816 0.9834
vn 0.0194 -0.1908 0.9814
vn 0.0010 -0.0663 0.9978
vn 0.0009 -0.0247 0.9997
vn 0.0009 -0.0068 1.0000
vn 0.0121 -0.0016 0.9999
vn 0.0009 -0.0016 1.0000
vn 0.0718 -0.0015 0.9974
vn 0.1216 -0.0015 0.9926
vn 0.4949 -0.0065 0.8689
vn 0.4949 -0.0062 0.8689
vn 0.4955 -0.0015 0.8686
vn 0.4932 -0.0205 0.8697
vn 0.4878 -0.0434 0.8719
vn 0.4036 -0.1603 0.9008
vn 0.6943 -0.0867 0.7144
vn 0.1199 -0.1992 0.9726
vn 0.0061 -0.9999 0.0089
vn 0.0735 -0.9973 0.0088
vn 0.1453 -0.9893 0.0087
vn 0.6283 -0.7780 0.0065
vn 0.8001 -0.5998 0.0052
vn 0.9848 -0.1736 0.0019
vn 0.9983 -0.0591 0.0013
vn 0.9998 -0.0220 0.0012
vn 1.0000 -0.0060 0.0012
vn 1.0000 -0.0014 0.0012
vn -0.0000 -1.0000 0.0089
vn -0.0000 -0.0662 0.9978
vn -0.0000 -0.0247 0.9997
vn -0.0000 -0.0068 1.0000
vn -0.0000 -0.1806 0.9836
vn -0.0000 -0.0016 1.0000
vn -0.0000 -0.5392 0.8421
vn -0.0000 -0.7173 0.6967
vn -0.0000 -0.5393 0.8421
vn -0.0000 -0.9805 0.1967
vn -0.0000 -0.9948 0.1023
vn 0.0033 -0.5426 0.8400
vn 0.0041 -0.7176 0.6965
vn 0.0060 -0.9948 0.1018
vn 0.0059 -0.9805 0.1965
vn 0.9552 -0.0568 0.2905
vn 0.9945 -0.0629 0.0842
vn 0.9967 -0.0225 0.0782
vn 0.9554 -0.0223 0.2944
vn 0.9969 -0.0059 0.0784
vn 0.9555 -0.0060 0.2949
vn 0.9980 -0.0605 0.0157
vn 0.9996 -0.0221 0.0146
vn 0.9999 -0.0060 0.0146
vn 0.8743 -0.1648 0.4566
vn 0.8968 -0.0417 0.4404
vn 0.8962 -0.0197 0.4433
vn 0.8961 -0.0059 0.4438
vn 0.9554 -0.0014 0.2952
vn 0.8960 -0.0014 0.4440
vn 0.9969 -0.0014 0.0787
vn 0.9999 -0.0014 0.0147
vn 0.9829 -0.1824 0.0250
vn 0.9712 -0.1917 0.1419
vn 0.0473 -0.5706 0.8199
vn 0.0450 -0.7184 0.6941
vn 0.1014 -0.7175 0.6891
vn 0.0822 -0.4486 0.8899
vn 0.4943 -0.6345 0.5942
vn 0.6050 -0.7612 0.2335
vn 0.7121 -0.5929 0.3759
vn 0.8689 -0.3432 0.3566
vn 0.0779 -0.9778 0.1943
vn 0.0709 -0.9926 0.0985
vn 0.1432 -0.9837 0.1087
vn 0.1404 -0.9714 0.1916
vn 0.6248 -0.7779 0.0677
vn 0.7748 -0.6282 0.0713
vn 0.2203 -0.2603 0.9401
vn -0.0129 -0.0682 0.9976
vn -0.0119 -0.0249 0.9996
vn -0.0710 -0.0253 0.9972
vn -0.0759 -0.0711 0.9946
vn -0.0120 -0.0067 0.9999
vn -0.0715 -0.0066 0.9974
vn -0.3006 -0.0241 0.9534
vn -0.2936 -0.0612 0.9540
vn -0.1211 -0.0063 0.9926
vn -0.0014 -0.1816 0.9834
vn -0.0010 -0.0663 0.9978
vn -0.0194 -0.1908 0.9814
vn -0.0009 -0.0247 0.9997
vn -0.0009 -0.0068 1.0000
vn -0.0009 -0.0016 1.0000
vn -0.0121 -0.0016 0.9999
vn -0.0718 -0.0015 0.9974
vn -0.1216 -0.0015 0.9926
vn -0.4949 -0.0065 0.8689
vn -0.4955 -0.0015 0.8686
vn -0.4949 -0.0062 0.8689
vn -0.4932 -0.0205 0.8697
vn -0.4878 -0.0434 0.8719
vn -0.4036 -0.1603 0.9008
vn -0.6943 -0.0867 0.7144
vn -0.1199 -0.1992 0.9726
vn -0.0061 -0.9999 0.0089
vn -0.0735 -0.9973 0.0088
vn -0.1453 -0.9893 0.0087
vn -0.6283 -0.7780 0.0065
vn -0.8001 -0.5998 0.0052
vn -0.9848 -0.1736 0.0019
vn -0.9983 -0.0591 0.0013
vn -0.9998 -0.0220 0.0012
vn -1.0000 -0.0060 0.0012
vn -1.0000 -0.0014 0.0012
vn -0.0033 -0.5426 0.8400
vn -0.0041 -0.7176 0.6965
vn -0.0059 -0.9805 0.1965
vn -0.0060 -0.9948 0.1018
vn -0.9552 -0.0568 0.2905
vn -0.9554 -0.0223 0.2944
vn -0.9967 -0.0225 0.0782
vn -0.9945 -0.0629 0.0842
vn -0.9555 -0.0060 0.2949
vn -0.9969 -0.0059 0.0784
vn -0.9996 -0.0221 0.0146
vn -0.9980 -0.0605 0.0157
vn -0.9999 -0.0060 0.0146
vn -0.8968 -0.0417 0.4404
vn -0.8743 -0.1648 0.4566
vn -0.8962 -0.0197 0.4433
vn -0.8961 -0.0059 0.4438
vn -0.8960 -0.0014 0.4440
vn -0.9554 -0.0014 0.2952
vn -0.9969 -0.0014 0.0787
vn -0.9999 -0.0014 0.0147
vn -0.9829 -0.1824 0.0250
vn -0.9712 -0.1917 0.1419
vn -0.0473 -0.5706 0.8199
vn -0.0822 -0.4486 0.8899
vn -0.1014 -0.7175 0.6891
vn -0.0450 -0.7184 0.6941
vn -0.4943 -0.6345 0.5942
vn -0.8689 -0.3432 0.3566
vn -0.7121 -0.5929 0.3759
vn -0.6050 -0.7612 0.2335
vn -0.0779 -0.9778 0.1943
vn -0.1404 -0.9714 0.1916
vn -0.1432 -0.9837 0.1087
vn -0.0709 -0.9926 0.0985
vn -0.7748 -0.6282 0.0713
vn -0.6248 -0.7779 0.0677
vn -0.2203 -0.2603 0.9401
vn -0.0122 0.0679 0.9976
vn -0.0594 0.0696 0.9958
vn -0.0612 0.0257 0.9978
vn -0.0116 0.0249 0.9996
vn -0.0617 0.0067 0.9981
vn -0.0117 0.0067 0.9999
vn -0.2259 0.0627 0.9721
vn -0.1013 0.0207 0.9946
vn -0.1020 0.0063 0.9948
vn -0.0013 0.1803 0.9836
vn -0.0155 0.1863 0.9824
vn -0.0010 0.0663 0.9978
vn -0.0009 0.0247 0.9997
vn -0.0009 0.0068 1.0000
vn -0.0117 0.0016 0.9999
vn -0.0009 0.0016 1.0000
vn -0.0620 0.0015 0.9981
vn -0.1026 0.0015 0.9947
vn -0.4879 0.0068 0.8729
vn -0.4880 0.0059 0.8728
vn -0.4889 0.0015 0.8723
vn -0.4825 0.0304 0.8754
vn -0.4858 0.0163 0.8739
vn -0.4756 0.0375 0.8789
vn -0.1043 0.1023 0.9893
vn -0.3503 0.0809 0.9331
vn -0.0892 0.1894 0.9778
vn -0.0715 0.9974 -0.0000
vn -0.1418 0.9899 -0.0000
vn -0.1419 0.9899 -0.0000
vn -0.6471 0.7624 -0.0001
vn -0.6470 0.7625 -0.0000
vn -0.8142 0.5806 -0.0000
vn -0.8143 0.5805 -0.0000
vn -0.0053 1.0000 0.0080
vn -0.0053 1.0000 -0.0000
vn -0.0715 0.9974 0.0081
vn -0.1425 0.9898 0.0083
vn -0.6491 0.7607 0.0050
vn -0.8130 0.5823 0.0041
vn -0.9852 0.1713 -0.0000
vn -0.9851 0.1721 0.0018
vn -0.9852 0.1714 -0.0000
vn -0.9983 0.0589 -0.0000
vn -0.9998 0.0220 -0.0000
vn -1.0000 0.0060 -0.0000
vn -0.9983 0.0590 0.0013
vn -0.9998 0.0220 0.0012
vn -1.0000 0.0060 0.0012
vn -1.0000 0.0014 -0.0000
vn -1.0000 0.0014 0.0012
vn -0.0000 1.0000 -0.0000
vn -0.0000 1.0000 0.0079
vn -0.0000 0.0661 0.9978
vn -0.0000 0.0247 0.9997
vn -0.0000 0.0068 1.0000
vn -0.0000 0.1795 0.9838
vn -0.0000 0.0016 1.0000
vn -0.0000 0.5284 0.8490
vn -0.0000 0.7049 0.7093
vn -0.0000 0.7047 0.7095
vn -0.0000 0.5283 0.8490
vn -0.0000 0.9814 0.1920
vn -0.0000 0.9951 0.0992
vn -0.0026 0.5302 0.8479
vn -0.0032 0.7031 0.7111
vn -0.0054 0.9951 0.0992
vn -0.0055 0.9812 0.1929
vn -0.0000 0.9814 0.1919
vn -0.9730 0.0562 0.2238
vn -0.9952 0.0617 0.0764
vn -0.9969 0.0226 0.0753
vn -0.9678 0.0225 0.2508
vn -0.9971 0.0059 0.0755
vn -0.9667 0.0059 0.2557
vn -0.9981 0.0604 0.0154
vn -0.9997 0.0221 0.0144
vn -0.9999 0.0060 0.0145
vn -0.9435 0.0767 0.3223
vn -0.9128 0.1526 0.3789
vn -0.9325 0.0373 0.3593
vn -0.9277 0.0179 0.3730
vn -0.9256 0.0057 0.3784
vn -0.9664 0.0014 0.2569
vn -0.9250 0.0013 0.3800
vn -0.9971 0.0014 0.0758
vn -0.9999 0.0014 0.0146
vn -0.9839 0.1777 0.0206
vn -0.9800 0.1739 0.0964
vn -0.0400 0.5551 0.8308
vn -0.0363 0.6997 0.7135
vn -0.0861 0.6954 0.7134
vn -0.0597 0.4178 0.9066
vn -0.5095 0.6309 0.5851
vn -0.6430 0.7417 0.1907
vn -0.7271 0.5785 0.3696
vn -0.0786 0.9783 0.1917
vn -0.0692 0.9930 0.0962
vn -0.1413 0.9839 0.1095
vn -0.1388 0.9721 0.1892
vn -0.6529 0.7555 0.0539
vn -0.7942 0.6048 0.0593
vn -0.1570 0.2405 0.9579
vn -0.7878 0.1950 0.5843
vn -0.9609 0.2193 0.1693
vn 0.0122 0.0679 0.9976
vn 0.0116 0.0249 0.9996
vn 0.0612 0.0257 0.9978
vn 0.0594 0.0696 0.9958
vn 0.0117 0.0067 0.9999
vn 0.0617 0.0067 0.9981
vn 0.1013 0.0207 0.9946
vn 0.2259 0.0627 0.9721
vn 0.1020 0.0063 0.9948
vn 0.0013 0.1803 0.9836
vn 0.0010 0.0663 0.9978
vn 0.0155 0.1863 0.9824
vn 0.0009 0.0247 0.9997
vn 0.0009 0.0068 1.0000
vn 0.0009 0.0016 1.0000
vn 0.0117 0.0016 0.9999
vn 0.0620 0.0015 0.9981
vn 0.1026 0.0015 0.9947
vn 0.4879 0.0068 0.8729
vn 0.4889 0.0015 0.8723
vn 0.4880 0.0059 0.8728
vn 0.4825 0.0304 0.8754
vn 0.4858 0.0163 0.8739
vn 0.4756 0.0375 0.8789
vn 0.1043 0.1023 0.9893
vn 0.3503 0.0809 0.9331
vn 0.0892 0.1894 0.9778
vn 0.0715 0.9974 -0.0000
vn 0.1419 0.9899 -0.0000
vn 0.1418 0.9899 -0.0000
vn 0.6471 0.7624 -0.0001
vn 0.8143 0.5805 -0.0000
vn 0.8142 0.5806 -0.0000
vn 0.6470 0.7625 -0.0000
vn 0.0053 1.0000 0.0080
vn 0.0715 0.9974 0.0081
vn 0.0053 1.0000 -0.0000
vn 0.1425 0.9898 0.0083
vn 0.6491 0.7607 0.0050
vn 0.8130 0.5823 0.0041
vn 0.9851 0.1721 0.0018
vn 0.9852 0.1713 -0.0000
vn 0.9852 0.1714 -0.0000
vn 0.9983 0.0589 -0.0000
vn 0.9998 0.0220 -0.0000
vn 1.0000 0.0060 -0.0000
vn 0.9983 0.0590 0.0013
vn 0.9998 0.0220 0.0012
vn 1.0000 0.0060 0.0012
vn 1.0000 0.0014 0.0012
vn 1.0000 0.0014 -0.0000
vn 0.0026 0.5302 0.8479
vn 0.0032 0.7031 0.7111
vn 0.0055 0.9812 0.1929
vn 0.0054 0.9951 0.0992
vn 0.9730 0.0562 0.2238
vn 0.9678 0.0225 0.2508
vn 0.9969 0.0226 0.0753
vn 0.9952 0.0617 0.0764
vn 0.9667 0.0059 0.2557
vn 0.9971 0.0059 0.0755
vn 0.9997 0.0221 0.0144
vn 0.9981 0.0604 0.0154
vn 0.9999 0.0060 0.0145
vn 0.9435 0.0767 0.3223
vn 0.9325 0.0373 0.3593
vn 0.9128 0.1526 0.3789
vn 0.9277 0.0179 0.3730
vn 0.9256 0.0057 0.3784
vn 0.9250 0.0013 0.3800
vn 0.9664 0.0014 0.2569
vn 0.9971 0.0014 0.0758
vn 0.9999 0.0014 0.0146
vn 0.9839 0.1777 0.0206
vn 0.9800 0.1739 0.0964
vn 0.0400 0.5551 0.8308
vn 0.0597 0.4178 0.9066
vn 0.0861 0.6954 0.7134
vn 0.0363 0.6997 0.7135
vn 0.5095 0.6309 0.5851
vn 0.7271 0.5785 0.3696
vn 0.6430 0.7417 0.1907
vn 0.0786 0.9783 0.1917
vn 0.1388 0.9721 0.1892
vn 0.1413 0.9839 0.1095
vn 0.0692 0.9930 0.0962
vn 0.7942 0.6048 0.0593
vn 0.6529 0.7555 0.0539
vn 0.1570 0.2405 0.9579
vn 0.7877 0.1950 0.5843
vn 0.9609 0.2193 0.1693
vn -0.0122 0.0679 -0.9976
vn -0.0116 0.0249 -0.9996
vn -0.0612 0.0257 -0.9978
vn -0.0594 0.0696 -0.9958
vn -0.0117 0.0067 -0.9999
vn -0.0617 0.0067 -0.9981
vn -0.1013 0.0207 -0.9946
vn -0.2259 0.0627 -0.9721
vn -0.1020 0.0063 -0.9948
vn -0.0013 0.1803 -0.9836
vn -0.0010 0.0663 -0.9978
vn -0.0155 0.1863 -0.9824
vn -0.0009 0.0247 -0.9997
vn -0.0009 0.0068 -1.0000
vn -0.0009 0.0016 -1.0000
vn -0.0117 0.0016 -0.9999
vn -0.0620 0.0015 -0.9981
vn -0.1026 0.0015 -0.9947
vn -0.4879 0.0068 -0.8729
vn -0.4889 0.0015 -0.8723
vn -0.4880 0.0059 -0.8728
vn -0.4825 0.0304 -0.8754
vn -0.4858 0.0163 -0.8739
vn -0.4756 0.0375 -0.8789
vn -0.1043 0.1023 -0.9893
vn -0.3503 0.0809 -0.9331
vn -0.0892 0.1894 -0.9778
vn -0.6471 0.7624 0.0001
vn -0.0053 1.0000 -0.0080
vn -0.0715 0.9974 -0.0081
vn -0.1425 0.9898 -0.0083
vn -0.6491 0.7607 -0.0050
vn -0.8130 0.5823 -0.0041
vn -0.9851 0.1721 -0.0018
vn -0.9983 0.0590 -0.0013
vn -0.9998 0.0220 -0.0012
vn -1.0000 0.0060 -0.0012
vn -1.0000 0.0014 -0.0012
vn -0.0000 1.0000 -0.0079
vn -0.0000 0.0661 -0.9978
vn -0.0000 0.0247 -0.9997
vn -0.0000 0.0068 -1.0000
vn -0.0000 0.1795 -0.9838
vn -0.0000 0.0016 -1.0000
vn -0.0000 0.5284 -0.8490
vn -0.0000 0.7049 -0.7093
vn -0.0000 0.5283 -0.8490
vn -0.0000 0.7047 -0.7095
vn -0.0000 0.9814 -0.1919
vn -0.0000 0.9814 -0.1920
vn -0.0000 0.9951 -0.0992
vn -0.0026 0.5302 -0.8479
vn -0.0032 0.7031 -0.7111
vn -0.0055 0.9812 -0.1929
vn -0.0054 0.9951 -0.0992
vn -0.9730 0.0562 -0.2238
vn -0.9678 0.0225 -0.2508
vn -0.9969 0.0226 -0.0753
vn -0.9952 0.0617 -0.0764
vn -0.9667 0.0059 -0.2557
vn -0.9971 0.0059 -0.0755
vn -0.9997 0.0221 -0.0144
vn -0.9981 0.0604 -0.0154
vn -0.9999 0.0060 -0.0145
vn -0.9435 0.0767 -0.3223
vn -0.9325 0.0373 -0.3593
vn -0.9128 0.1526 -0.3789
vn -0.9277 0.0179 -0.3730
vn -0.9256 0.0057 -0.3784
vn -0.9250 0.0013 -0.3800
vn -0.9664 0.0014 -0.2569
vn -0.9971 0.0014 -0.0758
vn -0.9999 0.0014 -0.0146
vn -0.9839 0.1777 -0.0206
vn -0.9800 0.1739 -0.0964
vn -0.0400 0.5551 -0.8308
vn -0.0597 0.4178 -0.9066
vn -0.0861 0.6954 -0.7134
vn -0.0363 0.6997 -0.7135
vn -0.5095 0.6309 -0.5851
vn -0.7271 0.5785 -0.3696
vn -0.6430 0.7417 -0.1907
vn -0.0786 0.9783 -0.1917
vn -0.1388 0.9721 -0.1892
vn -0.1413 0.9839 -0.1095
vn -0.0692 0.9930 -0.0962
vn -0.7942 0.6048 -0.0593
vn -0.6529 0.7555 -0.0539
vn -0.1570 0.2405 -0.9579
vn -0.7877 0.1950 -0.5843
vn -0.9609 0.2193 -0.1693
vn 0.0122 0.0679 -0.9976
vn 0.0594 0.0696 -0.9958
vn 0.0612 0.0257 -0.9978
vn 0.0116 0.0249 -0.9996
vn 0.0617 0.0067 -0.9981
vn 0.0117 0.0067 -0.9999
vn 0.2259 0.0627 -0.9721
vn 0.1013 0.0207 -0.9946
vn 0.1020 0.0063 -0.9948
vn 0.0013 0.1803 -0.9836
vn 0.0155 0.1863 -0.9824
vn 0.0010 0.0663 -0.9978
vn 0.0009 0.0247 -0.9997
vn 0.0009 0.0068 -1.0000
vn 0.0117 0.0016 -0.9999
vn 0.0009 0.0016 -1.0000
vn 0.0620 0.0015 -0.9981
vn 0.1026 0.0015 -0.9947
vn 0.4879 0.0068 -0.8729
vn 0.4880 0.0059 -0.8728
vn 0.4889 0.0015 -0.8723
vn 0.4825 0.0304 -0.8754
vn 0.4858 0.0163 -0.8739
vn 0.4756 0.0375 -0.8789
vn 0.1043 0.1023 -0.9893
vn 0.3503 0.0809 -0.9331
vn 0.0892 0.1894 -0.9778
vn 0.6471 0.7624 0.0001
vn 0.0053 1.0000 -0.0080
vn 0.0715 0.9974 -0.0081
vn 0.1425 0.9898 -0.0083
vn 0.6491 0.7607 -0.0050
vn 0.8130 0.5823 -0.0041
vn 0.9851 0.1721 -0.0018
vn 0.9983 0.0590 -0.0013
vn 0.9998 0.0220 -0.0012
vn 1.0000 0.0060 -0.0012
vn 1.0000 0.0014 -0.0012
vn 0.0026 0.5302 -0.8479
vn 0.0032 0.7031 -0.7111
vn 0.0054 0.9951 -0.0992
vn 0.0055 0.9812 -0.1929
vn 0.9730 0.0562 -0.2238
vn 0.9952 0.0617 -0.0764
vn 0.9969 0.0226 -0.0753
vn 0.9678 0.0225 -0.2508
vn 0.9971 0.0059 -0.0755
vn 0.9667 0.0059 -0.2557
vn 0.9981 0.0604 -0.0154
vn 0.9997 0.0221 -0.0144
vn 0.9999 0.0060 -0.0145
vn 0.9435 0.0767 -0.3223
vn 0.9128 0.1526 -0.3789
vn 0.9325 0.0373 -0.3593
vn 0.9277 0.0179 -0.3730
vn 0.9256 0.0057 -0.3784
vn 0.9664 0.0014 -0.2569
vn 0.9250 0.0013 -0.3800
vn 0.9971 0.0014 -0.0758
vn 0.9999 0.0014 -0.0146
vn 0.9839 0.1777 -0.0206
vn 0.9800 0.1739 -0.0964
vn 0.0400 0.5551 -0.8308
vn 0.0363 0.6997 -0.7135
vn 0.0861 0.6954 -0.7134
vn 0.0597 0.4178 -0.9066
vn 0.5095 0.6309 -0.5851
vn 0.6430 0.7417 -0.1907
vn 0.7271 0.5785 -0.3696
vn 0.0786 0.9783 -0.1917
vn 0.0692 0.9930 -0.0962
vn 0.1413 0.9839 -0.1095
vn 0.1388 0.9721 -0.1892
vn 0.6529 0.7555 -0.0539
vn 0.7942 0.6048 -0.0593
vn 0.1570 0.2405 -0.9579
vn 0.7878 0.1950 -0.5843
vn 0.9609 0.2193 -0.1693
vn -0.0000 1.0000 -0.0002
vn 0.0001 1.0000 -0.0001
vn 0.0001 1.0000 -0.0000
vn -0.0001 1.0000 -0.0001
vn -0.0001 1.0000 -0.0000
vn -0.0000 1.0000 0.0002
vn 0.0001 1.0000 0.0001
vn -0.0001 1.0000 0.0001
vt 0.437500 0.490151
vt 0.500000 0.488601
vt 0.500000 0.494619
vt 0.437500 0.495069
vt 0.562500 0.490151
vt 0.562500 0.495069
vt 0.500105 0.498113
vt 0.437723 0.498095
vt 0.562513 0.498095
vt 0.375000 0.492122
vt 0.437500 0.479604
vt 0.375000 0.494091
vt 0.500000 0.476949
vt 0.562500 0.479604
vt 0.625000 0.492122
vt 0.625000 0.494091
vt 0.625000 0.496061
vt 0.625000 0.498031
vt 0.625000 0.500000
vt 0.562605 0.500619
vt 0.500841 0.500750
vt 0.440022 0.500620
vt 0.375000 0.498031
vt 0.375000 0.500000
vt 0.375000 0.496061
vt 0.362041 0.548167
vt 0.373829 0.548167
vt 0.373829 0.571468
vt 0.362041 0.571468
vt 0.389770 0.548167
vt 0.389770 0.571468
vt 0.373829 0.598261
vt 0.362041 0.598261
vt 0.389770 0.598261
vt 0.348915 0.529687
vt 0.362041 0.529687
vt 0.348915 0.548167
vt 0.373829 0.529688
vt 0.389770 0.529688
vt 0.415354 0.529687
vt 0.415354 0.548167
vt 0.415354 0.571468
vt 0.415354 0.598261
vt 0.348915 0.571468
vt 0.348915 0.598261
vt 0.454524 0.548043
vt 0.505044 0.547179
vt 0.505044 0.571080
vt 0.454524 0.571420
vt 0.563131 0.544907
vt 0.563131 0.570256
vt 0.505044 0.598085
vt 0.454524 0.598239
vt 0.563131 0.597690
vt 0.454524 0.529517
vt 0.505044 0.528320
vt 0.563131 0.524731
vt 0.625000 0.513281
vt 0.625000 0.541211
vt 0.625000 0.569141
vt 0.625000 0.597070
vt 0.278442 0.548167
vt 0.306121 0.548167
vt 0.306121 0.571468
vt 0.278442 0.571468
vt 0.330140 0.548167
vt 0.330140 0.571468
vt 0.306121 0.598261
vt 0.278442 0.598261
vt 0.330140 0.598261
vt 0.250000 0.529688
vt 0.278442 0.529687
vt 0.250000 0.548167
vt 0.306121 0.529688
vt 0.330140 0.529688
vt 0.250000 0.571468
vt 0.250000 0.598261
vt 0.437500 0.403865
vt 0.500000 0.403694
vt 0.500000 0.431934
vt 0.437500 0.432443
vt 0.562500 0.403865
vt 0.562500 0.432443
vt 0.500000 0.457328
vt 0.437500 0.458885
vt 0.562500 0.458885
vt 0.375000 0.376292
vt 0.437500 0.375411
vt 0.375000 0.404280
vt 0.500000 0.375220
vt 0.562500 0.375411
vt 0.625000 0.376292
vt 0.625000 0.404280
vt 0.625000 0.433561
vt 0.625000 0.462841
vt 0.375000 0.462841
vt 0.375000 0.433561
vt 0.278850 0.503577
vt 0.307392 0.503577
vt 0.306528 0.508691
vt 0.278568 0.508691
vt 0.333748 0.503577
vt 0.331234 0.508691
vt 0.306172 0.516882
vt 0.278458 0.516882
vt 0.330276 0.516882
vt 0.251292 0.500000
vt 0.279280 0.500000
vt 0.250397 0.503577
vt 0.308561 0.500000
vt 0.337841 0.500000
vt 0.367122 0.500000
vt 0.354415 0.503577
vt 0.350432 0.508691
vt 0.349104 0.516882
vt 0.250014 0.516882
vt 0.250110 0.508691
vt 0.446774 0.503772
vt 0.502522 0.503806
vt 0.504204 0.508425
vt 0.452107 0.508703
vt 0.562815 0.503638
vt 0.563026 0.507675
vt 0.504939 0.515909
vt 0.454222 0.516766
vt 0.563118 0.513647
vt 0.403216 0.503633
vt 0.625000 0.503320
vt 0.625000 0.506641
vt 0.625000 0.509961
vt 0.414933 0.516885
vt 0.411991 0.508710
vt 0.365310 0.503577
vt 0.372387 0.503577
vt 0.373368 0.508691
vt 0.363026 0.508691
vt 0.381945 0.503582
vt 0.387401 0.508694
vt 0.373772 0.516882
vt 0.362164 0.516882
vt 0.389474 0.516883
vt 0.369091 0.500000
vt 0.371061 0.500000
vt 0.373031 0.500000
vt 0.278442 0.625000
vt 0.306121 0.625000
vt 0.330140 0.625000
vt 0.454524 0.624977
vt 0.505044 0.624816
vt 0.563131 0.624339
vt 0.362041 0.625000
vt 0.373829 0.625000
vt 0.389770 0.625000
vt 0.415354 0.625000
vt 0.348915 0.625000
vt 0.625000 0.622865
vt 0.250000 0.625000
s 1
usemtl inside_floor
f 607/26/367 610/29/367 611/28/368 608/27/369
f 608/27/370 611/28/371 612/31/372 609/30/373
f 610/29/367 613/33/367 614/32/368 611/28/368
f 611/28/371 614/32/371 615/34/372 612/31/372
f 552/35/374 574/37/375 607/26/367 597/36/376
f 597/36/376 607/26/367 608/27/369 596/38/377
f 596/38/378 608/27/370 609/30/373 595/39/379
f 595/39/379 609/30/373 582/41/380 550/40/381
f 609/30/373 612/31/372 581/42/382 582/41/380
f 612/31/372 615/34/372 580/43/382 581/42/382
f 575/44/375 576/45/375 613/33/367 610/29/367
f 574/37/375 575/44/375 610/29/367 607/26/367
f 625/62/391 628/65/391 629/64/391 626/63/391
f 626/63/391 629/64/391 630/67/391 627/66/391
f 628/65/391 631/69/391 632/68/391 629/64/391
f 629/64/391 632/68/391 633/70/391 630/67/391
f 672/71/392 675/73/391 625/62/391 591/72/392
f 591/72/392 625/62/391 626/63/391 590/74/392
f 590/74/392 626/63/391 627/66/391 589/75/392
f 589/75/392 627/66/391 574/37/375 552/35/374
f 627/66/391 630/67/391 575/44/375 574/37/375
f 630/67/391 633/70/391 576/45/375 575/44/375
f 674/76/391 673/77/391 631/69/391 628/65/391
f 675/73/391 674/76/391 628/65/391 625/62/391
f 643/98/398 646/101/399 647/100/399 644/99/398
f 644/99/398 647/100/399 648/103/400 645/102/401
f 646/101/402 649/105/403 650/104/403 647/100/402
f 647/100/402 650/104/403 651/106/403 648/103/402
f 670/107/396 681/109/398 643/98/398 564/108/396
f 564/108/396 643/98/398 644/99/398 563/110/396
f 563/110/396 644/99/398 645/102/401 562/111/396
f 562/111/396 645/102/401 586/113/404 549/112/349
f 645/102/401 648/103/400 587/114/405 586/113/404
f 648/103/402 651/106/403 588/115/406 587/114/407
f 651/106/403 589/75/392 552/35/374 588/115/406
f 650/104/403 590/74/392 589/75/392 651/106/403
f 649/105/403 591/72/392 590/74/392 650/104/403
f 679/116/403 672/71/392 591/72/392 649/105/403
f 680/117/408 679/116/403 649/105/403 646/101/402
f 681/109/398 680/117/399 646/101/399 643/98/398
f 661/133/429 664/136/430 665/135/431 662/134/432
f 662/134/433 665/135/434 666/138/435 663/137/433
f 664/136/436 667/140/437 668/139/438 665/135/439
f 665/135/434 668/139/440 669/141/441 666/138/435
f 549/112/349 586/113/404 661/133/429 573/142/350
f 573/142/350 661/133/429 662/134/432 572/143/366
f 572/143/366 662/134/432 663/137/442 571/144/364
f 663/137/444 666/138/435 560/132/428 561/127/419
f 666/138/435 669/141/441 559/131/427 560/132/428
f 669/141/441 595/39/379 550/40/381 559/131/427
f 668/139/440 596/38/378 595/39/379 669/141/441
f 667/140/437 597/36/376 596/38/377 668/139/438
f 588/115/406 552/35/374 597/36/376 667/140/437
f 587/114/407 588/115/406 667/140/437 664/136/436
f 586/113/404 587/114/405 664/136/430 661/133/429
f 743/26/472 744/27/473 747/28/474 746/29/472
f 744/27/475 745/30/476 748/31/477 747/28/478
f 746/29/472 747/28/474 750/32/474 749/33/472
f 747/28/478 748/31/477 751/34/477 750/32/478
f 688/35/479 733/36/480 743/26/472 710/37/481
f 733/36/480 732/38/482 744/27/473 743/26/472
f 732/38/483 731/39/484 745/30/476 744/27/475
f 731/39/484 686/40/485 718/41/486 745/30/476
f 745/30/476 718/41/486 717/42/487 748/31/477
f 748/31/477 717/42/487 716/43/487 751/34/477
f 711/44/481 746/29/472 749/33/472 712/45/481
f 710/37/481 743/26/472 746/29/472 711/44/481
f 761/62/391 762/63/391 765/64/391 764/65/391
f 762/63/391 763/66/391 766/67/391 765/64/391
f 764/65/391 765/64/391 768/68/391 767/69/391
f 765/64/391 766/67/391 769/70/391 768/68/391
f 672/71/392 727/72/392 761/62/391 675/73/391
f 727/72/392 726/74/392 762/63/391 761/62/391
f 726/74/392 725/75/392 763/66/391 762/63/391
f 725/75/392 688/35/479 710/37/481 763/66/391
f 763/66/391 710/37/481 711/44/481 766/67/391
f 766/67/391 711/44/481 712/45/481 769/70/391
f 674/76/391 764/65/391 767/69/391 673/77/391
f 675/73/391 761/62/391 764/65/391 674/76/391
f 779/98/398 780/99/398 783/100/399 782/101/399
f 780/99/398 781/102/401 784/103/400 783/100/399
f 782/101/408 783/100/402 786/104/403 785/105/403
f 783/100/402 784/103/402 787/106/403 786/104/403
f 670/107/396 700/108/396 779/98/398 681/109/398
f 700/108/396 699/110/396 780/99/398 779/98/398
f 699/110/396 698/111/396 781/102/401 780/99/398
f 698/111/396 685/112/454 722/113/496 781/102/401
f 781/102/401 722/113/496 723/114/497 784/103/400
f 784/103/402 723/114/498 724/115/499 787/106/403
f 787/106/403 724/115/499 688/35/479 725/75/392
f 786/104/403 787/106/403 725/75/392 726/74/392
f 785/105/403 786/104/403 726/74/392 727/72/392
f 679/116/403 785/105/403 727/72/392 672/71/392
f 680/117/408 782/101/408 785/105/403 679/116/403
f 681/109/398 779/98/398 782/101/399 680/117/399
f 797/133/520 798/134/521 801/135/522 800/136/523
f 798/134/524 799/137/524 802/138/525 801/135/526
f 800/136/527 801/135/528 804/139/529 803/140/530
f 801/135/526 802/138/525 805/141/531 804/139/532
f 685/112/454 709/142/456 797/133/520 722/113/496
f 709/142/456 708/143/471 798/134/521 797/133/520
f 708/143/471 707/144/469 799/137/533 798/134/521
f 799/137/535 697/127/511 696/132/519 802/138/525
f 802/138/525 696/132/519 695/131/518 805/141/531
f 805/141/531 695/131/518 686/40/485 731/39/484
f 804/139/532 805/141/531 731/39/484 732/38/483
f 803/140/530 804/139/529 732/38/482 733/36/480
f 724/115/499 803/140/530 733/36/480 688/35/479
f 723/114/498 800/136/527 803/140/530 724/115/499
f 722/113/496 797/133/520 800/136/523 723/114/497
f 767/69/391 768/68/391 829/146/391 830/145/391
f 768/68/391 769/70/391 828/147/391 829/146/391
f 749/33/472 750/32/474 823/152/474 824/151/472
f 750/32/478 751/34/477 822/153/477 823/152/478
f 751/34/477 716/43/487 821/154/487 822/153/477
f 712/45/481 749/33/472 824/151/472 820/155/481
f 769/70/391 712/45/481 820/155/481 828/147/391
f 673/77/391 767/69/391 830/145/391 818/157/391
f 673/77/391 818/157/391 817/145/391 631/69/391
f 631/69/391 817/145/391 816/146/391 632/68/391
f 632/68/391 816/146/391 815/147/391 633/70/391
f 613/33/367 811/151/367 810/152/368 614/32/368
f 614/32/371 810/152/371 809/153/372 615/34/372
f 615/34/372 809/153/372 808/154/382 580/43/382
f 576/45/375 807/155/375 811/151/367 613/33/367
f 633/70/391 815/147/391 807/155/375 576/45/375
f 892/26/367 893/27/369 896/28/368 895/29/367
f 893/27/563 894/30/373 897/31/372 896/28/371
f 895/29/367 896/28/368 899/32/368 898/33/367
f 896/28/371 897/31/372 900/34/372 899/32/371
f 837/35/564 882/36/565 892/26/367 859/37/375
f 882/36/565 881/38/566 893/27/369 892/26/367
f 881/38/567 880/39/568 894/30/373 893/27/563
f 880/39/568 835/40/569 867/41/380 894/30/373
f 894/30/373 867/41/380 866/42/382 897/31/372
f 897/31/372 866/42/382 865/43/382 900/34/372
f 860/44/375 895/29/367 898/33/367 861/45/375
f 859/37/375 892/26/367 895/29/367 860/44/375
f 910/62/391 911/63/391 914/64/391 913/65/391
f 911/63/391 912/66/391 915/67/391 914/64/391
f 913/65/391 914/64/391 917/68/391 916/69/391
f 914/64/391 915/67/391 918/70/391 917/68/391
f 957/71/574 876/72/574 910/62/391 960/73/391
f 876/72/574 875/74/574 911/63/391 910/62/391
f 875/74/574 874/75/574 912/66/391 911/63/391
f 874/75/574 837/35/564 859/37/375 912/66/391
f 912/66/391 859/37/375 860/44/375 915/67/391
f 915/67/391 860/44/375 861/45/375 918/70/391
f 959/76/391 913/65/391 916/69/391 958/77/391
f 960/73/391 910/62/391 913/65/391 959/76/391
f 928/98/580 929/99/580 932/100/581 931/101/581
f 929/99/580 930/102/582 933/103/583 932/100/581
f 931/101/584 932/100/585 935/104/586 934/105/586
f 932/100/585 933/103/585 936/106/586 935/104/586
f 955/107/578 849/108/578 928/98/580 966/109/580
f 849/108/578 848/110/578 929/99/580 928/98/580
f 848/110/578 847/111/578 930/102/582 929/99/580
f 847/111/578 834/112/545 871/113/587 930/102/582
f 930/102/582 871/113/587 872/114/588 933/103/583
f 933/103/585 872/114/589 873/115/590 936/106/586
f 936/106/586 873/115/590 837/35/564 874/75/574
f 935/104/586 936/106/586 874/75/574 875/74/574
f 934/105/586 935/104/586 875/74/574 876/72/574
f 964/116/586 934/105/586 876/72/574 957/71/574
f 965/117/584 931/101/584 934/105/586 964/116/586
f 966/109/580 928/98/580 931/101/581 965/117/581
f 946/133/611 947/134/612 950/135/613 949/136/614
f 947/134/615 948/137/615 951/138/616 950/135/617
f 949/136/618 950/135/619 953/139/620 952/140/621
f 950/135/617 951/138/616 954/141/622 953/139/623
f 834/112/545 858/142/547 946/133/611 871/113/587
f 858/142/547 857/143/562 947/134/612 946/133/611
f 857/143/562 856/144/560 948/137/624 947/134/612
f 948/137/626 846/127/602 845/132/610 951/138/616
f 951/138/616 845/132/610 844/131/609 954/141/622
f 954/141/622 844/131/609 835/40/569 880/39/568
f 953/139/623 954/141/622 880/39/568 881/38/567
f 952/140/621 953/139/620 881/38/566 882/36/565
f 873/115/590 952/140/621 882/36/565 837/35/564
f 872/114/589 949/136/618 952/140/621 873/115/590
f 871/113/587 946/133/611 949/136/614 872/114/588
f 1028/26/472 1031/29/472 1032/28/474 1029/27/473
f 1029/27/654 1032/28/478 1033/31/477 1030/30/476
f 1031/29/472 1034/33/472 1035/32/474 1032/28/474
f 1032/28/478 1035/32/478 1036/34/477 1033/31/477
f 973/35/655 995/37/481 1028/26/472 1018/36/656
f 1018/36/656 1028/26/472 1029/27/473 1017/38/657
f 1017/38/658 1029/27/654 1030/30/476 1016/39/659
f 1016/39/659 1030/30/476 1003/41/486 971/40/660
f 1030/30/476 1033/31/477 1002/42/487 1003/41/486
f 1033/31/477 1036/34/477 1001/43/487 1002/42/487
f 996/44/481 997/45/481 1034/33/472 1031/29/472
f 995/37/481 996/44/481 1031/29/472 1028/26/472
f 1046/62/391 1049/65/391 1050/64/391 1047/63/391
f 1047/63/391 1050/64/391 1051/67/391 1048/66/391
f 1049/65/391 1052/69/391 1053/68/391 1050/64/391
f 1050/64/391 1053/68/391 1054/70/391 1051/67/391
f 957/71/574 960/73/391 1046/62/391 1012/72/574
f 1012/72/574 1046/62/391 1047/63/391 1011/74/574
f 1011/74/574 1047/63/391 1048/66/391 1010/75/574
f 1010/75/574 1048/66/391 995/37/481 973/35/655
f 1048/66/391 1051/67/391 996/44/481 995/37/481
f 1051/67/391 1054/70/391 997/45/481 996/44/481
f 959/76/391 958/77/391 1052/69/391 1049/65/391
f 960/73/391 959/76/391 1049/65/391 1046/62/391
f 1064/98/580 1067/101/581 1068/100/581 1065/99/580
f 1065/99/580 1068/100/581 1069/103/583 1066/102/582
f 1067/101/585 1070/105/586 1071/104/586 1068/100/585
f 1068/100/585 1071/104/586 1072/106/586 1069/103/585
f 955/107/578 966/109/580 1064/98/580 985/108/578
f 985/108/578 1064/98/580 1065/99/580 984/110/578
f 984/110/578 1065/99/580 1066/102/582 983/111/578
f 983/111/578 1066/102/582 1007/113/665 970/112/636
f 1066/102/582 1069/103/583 1008/114/666 1007/113/665
f 1069/103/585 1072/106/586 1009/115/667 1008/114/668
f 1072/106/586 1010/75/574 973/35/655 1009/115/667
f 1071/104/586 1011/74/574 1010/75/574 1072/106/586
f 1070/105/586 1012/72/574 1011/74/574 1071/104/586
f 964/116/586 957/71/574 1012/72/574 1070/105/586
f 965/117/584 964/116/586 1070/105/586 1067/101/585
f 966/109/580 965/117/581 1067/101/581 1064/98/580
f 1082/133/689 1085/136/690 1086/135/691 1083/134/692
f 1083/134/693 1086/135/694 1087/138/695 1084/137/693
f 1085/136/696 1088/140/697 1089/139/698 1086/135/699
f 1086/135/694 1089/139/700 1090/141/701 1087/138/695
f 970/112/636 1007/113/665 1082/133/689 994/142/637
f 994/142/637 1082/133/689 1083/134/692 993/143/653
f 993/143/653 1083/134/692 1084/137/702 992/144/651
f 1084/137/704 1087/138/695 981/132/688 982/127/679
f 1087/138/695 1090/141/701 980/131/687 981/132/688
f 1090/141/701 1016/39/659 971/40/660 980/131/687
f 1089/139/700 1017/38/658 1016/39/659 1090/141/701
f 1088/140/697 1018/36/656 1017/38/657 1089/139/698
f 1009/115/667 973/35/655 1018/36/656 1088/140/697
f 1008/114/668 1009/115/667 1088/140/697 1085/136/696
f 1007/113/665 1008/114/666 1085/136/690 1082/133/689
f 1052/69/391 830/145/391 829/146/391 1053/68/391
f 1053/68/391 829/146/391 828/147/391 1054/70/391
f 1034/33/472 824/151/472 823/152/474 1035/32/474
f 1035/32/478 823/152/478 822/153/477 1036/34/477
f 1036/34/477 822/153/477 821/154/487 1001/43/487
f 997/45/481 820/155/481 824/151/472 1034/33/472
f 1054/70/391 828/147/391 820/155/481 997/45/481
f 958/77/391 818/157/391 830/145/391 1052/69/391
f 958/77/391 916/69/391 817/145/391 818/157/391
f 916/69/391 917/68/391 816/146/391 817/145/391
f 917/68/391 918/70/391 815/147/391 816/146/391
f 898/33/367 899/32/368 810/152/368 811/151/367
f 899/32/371 900/34/372 809/153/372 810/152/371
f 900/34/372 865/43/382 808/154/382 809/153/372
f 861/45/375 898/33/367 811/151/367 807/155/375
f 918/70/391 861/45/375 807/155/375 815/147/391
usemtl fabric
f 53/1/1 54/2/2 57/3/3 56/4/4
f 54/2/2 55/5/5 58/6/6 57/3/3
f 56/4/4 57/3/3 60/7/7 59/8/8
f 57/3/3 58/6/6 61/9/9 60/7/7
f 4/10/10 34/11/11 53/1/1 28/12/12
f 34/11/11 33/13/13 54/2/2 53/1/1
f 33/13/13 32/14/14 55/5/5 54/2/2
f 32/14/14 3/15/15 8/16/16 55/5/5
f 55/5/5 8/16/16 9/17/17 58/6/6
f 58/6/6 9/17/17 10/18/18 61/9/9
f 61/9/19 10/18/20 2/19/20 11/20/21
f 60/7/7 61/9/19 11/20/21 12/21/22
f 59/8/8 60/7/7 12/21/22 13/22/23
f 26/23/24 59/8/8 13/22/23 1/24/25
f 27/25/26 56/4/4 59/8/8 26/23/24
f 28/12/12 53/1/1 56/4/4 27/25/26
f 62/26/27 63/27/28 66/28/28 65/29/27
f 63/27/29 64/30/30 67/31/30 66/28/29
f 65/29/27 66/28/28 69/32/28 68/33/27
f 66/28/29 67/31/30 70/34/30 69/32/29
f 7/35/31 52/36/32 62/26/27 29/37/33
f 52/36/32 51/38/34 63/27/28 62/26/27
f 51/38/35 50/39/36 64/30/30 63/27/29
f 50/39/36 5/40/37 37/41/38 64/30/30
f 64/30/30 37/41/38 36/42/38 67/31/30
f 67/31/30 36/42/38 35/43/38 70/34/30
f 30/44/33 65/29/27 68/33/27 31/45/33
f 29/37/33 62/26/27 65/29/27 30/44/33
f 71/46/39 72/47/40 75/48/40 74/49/39
f 72/47/40 73/50/41 76/51/41 75/48/40
f 74/49/39 75/48/40 78/52/40 77/53/39
f 75/48/40 76/51/41 79/54/41 78/52/40
f 5/40/37 49/55/42 71/46/39 37/41/38
f 49/55/42 48/56/43 72/47/40 71/46/39
f 48/56/43 47/57/44 73/50/41 72/47/40
f 47/57/44 6/58/45 20/59/46 73/50/41
f 73/50/41 20/59/46 21/60/46 76/51/41
f 76/51/41 21/60/46 22/61/46 79/54/41
f 36/42/38 74/49/39 77/53/39 35/43/38
f 37/41/38 71/46/39 74/49/39 36/42/38
f 80/62/47 81/63/47 84/64/47 83/65/47
f 81/63/47 82/66/47 85/67/47 84/64/47
f 83/65/47 84/64/47 87/68/47 86/69/47
f 84/64/47 85/67/47 88/70/47 87/68/47
f 127/71/48 46/72/48 80/62/47 130/73/47
f 46/72/48 45/74/48 81/63/47 80/62/47
f 45/74/48 44/75/48 82/66/47 81/63/47
f 44/75/48 7/35/31 29/37/33 82/66/47
f 82/66/47 29/37/33 30/44/33 85/67/47
f 85/67/47 30/44/33 31/45/33 88/70/47
f 129/76/47 83/65/47 86/69/47 128/77/47
f 130/73/47 80/62/47 83/65/47 129/76/47
f 89/78/49 90/79/50 93/80/50 92/81/49
f 90/79/50 91/82/51 94/83/51 93/80/50
f 92/81/49 93/80/50 96/84/50 95/85/49
f 93/80/50 94/83/51 97/86/51 96/84/50
f 125/87/52 131/88/49 89/78/49 19/89/52
f 131/88/49 132/90/50 90/79/50 89/78/49
f 132/90/50 133/91/51 91/82/51 90/79/50
f 133/91/51 126/92/53 23/93/53 91/82/51
f 91/82/51 23/93/53 24/94/53 94/83/51
f 94/83/51 24/94/53 25/95/53 97/86/51
f 97/86/51 25/95/53 3/15/15 32/14/14
f 96/84/50 97/86/51 32/14/14 33/13/13
f 95/85/49 96/84/50 33/13/13 34/11/11
f 17/96/52 95/85/49 34/11/11 4/10/10
f 18/97/52 92/81/49 95/85/49 17/96/52
f 19/89/52 89/78/49 92/81/49 18/97/52
f 98/98/54 99/99/55 102/100/56 101/101/56
f 99/99/55 100/102/54 103/103/56 102/100/56
f 101/101/57 102/100/57 105/104/58 104/105/58
f 102/100/57 103/103/57 106/106/58 105/104/58
f 125/107/52 19/108/52 98/98/54 136/109/54
f 19/108/52 18/110/52 99/99/55 98/98/54
f 18/110/52 17/111/52 100/102/54 99/99/55
f 17/111/52 4/112/10 41/113/59 100/102/54
f 100/102/54 41/113/59 42/114/60 103/103/56
f 103/103/57 42/114/61 43/115/62 106/106/58
f 106/106/58 43/115/62 7/35/31 44/75/48
f 105/104/58 106/106/58 44/75/48 45/74/48
f 104/105/58 105/104/58 45/74/48 46/72/48
f 134/116/58 104/105/58 46/72/48 127/71/48
f 135/117/57 101/101/57 104/105/58 134/116/58
f 136/109/54 98/98/54 101/101/56 135/117/56
f 107/118/63 108/119/64 111/120/65 110/121/66
f 108/119/64 109/122/67 112/123/68 111/120/65
f 110/121/66 111/120/65 114/124/69 113/125/70
f 111/120/65 112/123/68 115/126/71 114/124/69
f 1/24/25 13/22/72 107/118/63 16/127/73
f 13/22/72 12/21/74 108/119/64 107/118/63
f 12/21/74 11/20/75 109/122/67 108/119/64
f 11/20/75 2/19/76 38/128/77 109/122/67
f 109/122/67 38/128/77 39/129/78 112/123/68
f 112/123/68 39/129/78 40/130/79 115/126/71
f 115/126/71 40/130/79 6/58/45 47/57/44
f 114/124/69 115/126/71 47/57/44 48/56/43
f 113/125/70 114/124/69 48/56/43 49/55/42
f 14/131/80 113/125/70 49/55/42 5/40/37
f 15/132/81 110/121/66 113/125/70 14/131/80
f 16/127/73 107/118/63 110/121/66 15/132/81
f 116/133/82 117/134/83 120/135/84 119/136/85
f 117/134/86 118/137/87 121/138/88 120/135/89
f 119/136/90 120/135/91 123/139/92 122/140/93
f 120/135/89 121/138/88 124/141/94 123/139/95
f 4/112/10 28/142/12 116/133/82 41/113/59
f 28/142/12 27/143/26 117/134/83 116/133/82
f 27/143/26 26/144/24 118/137/96 117/134/83
f 26/144/24 1/24/25 16/127/73 118/137/87
f 118/137/87 16/127/73 15/132/81 121/138/88
f 121/138/88 15/132/81 14/131/80 124/141/94
f 124/141/94 14/131/80 5/40/37 50/39/36
f 123/139/95 124/141/94 50/39/36 51/38/35
f 122/140/93 123/139/92 51/38/34 52/36/32
f 43/115/62 122/140/93 52/36/32 7/35/31
f 42/114/61 119/136/90 122/140/93 43/115/62
f 41/113/59 116/133/82 119/136/85 42/114/60
f 189/1/97 192/4/98 193/3/99 190/2/100
f 190/2/100 193/3/99 194/6/101 191/5/102
f 192/4/98 195/8/103 196/7/104 193/3/99
f 193/3/99 196/7/104 197/9/105 194/6/101
f 140/10/106 164/12/107 189/1/97 170/11/108
f 170/11/108 189/1/97 190/2/100 169/13/109
f 169/13/109 190/2/100 191/5/102 168/14/110
f 168/14/110 191/5/102 144/16/111 139/15/112
f 191/5/102 194/6/101 145/17/113 144/16/111
f 194/6/101 197/9/105 146/18/114 145/17/113
f 197/9/115 147/20/116 138/19/117 146/18/117
f 196/7/104 148/21/118 147/20/116 197/9/115
f 195/8/103 149/22/119 148/21/118 196/7/104
f 162/23/120 137/24/121 149/22/119 195/8/103
f 163/25/122 162/23/120 195/8/103 192/4/98
f 164/12/107 163/25/122 192/4/98 189/1/97
f 198/26/123 201/29/123 202/28/124 199/27/124
f 199/27/125 202/28/125 203/31/126 200/30/126
f 201/29/123 204/33/123 205/32/124 202/28/124
f 202/28/125 205/32/125 206/34/126 203/31/126
f 143/35/127 165/37/128 198/26/123 188/36/129
f 188/36/129 198/26/123 199/27/124 187/38/130
f 187/38/131 199/27/125 200/30/126 186/39/132
f 186/39/132 200/30/126 173/41/133 141/40/134
f 200/30/126 203/31/126 172/42/133 173/41/133
f 203/31/126 206/34/126 171/43/133 172/42/133
f 166/44/128 167/45/128 204/33/123 201/29/123
f 165/37/128 166/44/128 201/29/123 198/26/123
f 207/46/135 210/49/135 211/48/136 208/47/136
f 208/47/136 211/48/136 212/51/137 209/50/137
f 210/49/135 213/53/135 214/52/136 211/48/136
f 211/48/136 214/52/136 215/54/137 212/51/137
f 141/40/134 173/41/133 207/46/135 185/55/138
f 185/55/138 207/46/135 208/47/136 184/56/139
f 184/56/139 208/47/136 209/50/137 183/57/140
f 183/57/140 209/50/137 156/59/141 142/58/142
f 209/50/137 212/51/137 157/60/141 156/59/141
f 212/51/137 215/54/137 158/61/141 157/60/141
f 172/42/133 171/43/133 213/53/135 210/49/135
f 173/41/133 172/42/133 210/49/135 207/46/135
f 216/62/47 219/65/47 220/64/47 217/63/47
f 217/63/47 220/64/47 221/67/47 218/66/47
f 219/65/47 222/69/47 223/68/47 220/64/47
f 220/64/47 223/68/47 224/70/47 221/67/47
f 127/71/48 130/73/47 216/62/47 182/72/48
f 182/72/48 216/62/47 217/63/47 181/74/48
f 181/74/48 217/63/47 218/66/47 180/75/48
f 180/75/48 218/66/47 165/37/128 143/35/127
f 218/66/47 221/67/47 166/44/128 165/37/128
f 221/67/47 224/70/47 167/45/128 166/44/128
f 129/76/47 128/77/47 222/69/47 219/65/47
f 130/73/47 129/76/47 219/65/47 216/62/47
f 225/78/49 228/81/49 229/80/50 226/79/50
f 226/79/50 229/80/50 230/83/51 227/82/51
f 228/81/49 231/85/49 232/84/50 229/80/50
f 229/80/50 232/84/50 233/86/51 230/83/51
f 125/87/52 155/89/52 225/78/49 131/88/49
f 131/88/49 225/78/49 226/79/50 132/90/50
f 132/90/50 226/79/50 227/82/51 133/91/51
f 133/91/51 227/82/51 159/93/53 126/92/53
f 227/82/51 230/83/51 160/94/53 159/93/53
f 230/83/51 233/86/51 161/95/53 160/94/53
f 233/86/51 168/14/110 139/15/112 161/95/53
f 232/84/50 169/13/109 168/14/110 233/86/51
f 231/85/49 170/11/108 169/13/109 232/84/50
f 153/96/52 140/10/106 170/11/108 231/85/49
f 154/97/52 153/96/52 231/85/49 228/81/49
f 155/89/52 154/97/52 228/81/49 225/78/49
f 234/98/54 237/101/56 238/100/56 235/99/55
f 235/99/55 238/100/56 239/103/56 236/102/54
f 237/101/57 240/105/58 241/104/58 238/100/57
f 238/100/57 241/104/58 242/106/58 239/103/57
f 125/107/52 136/109/54 234/98/54 155/108/52
f 155/108/52 234/98/54 235/99/55 154/110/52
f 154/110/52 235/99/55 236/102/54 153/111/52
f 153/111/52 236/102/54 177/113/143 140/112/106
f 236/102/54 239/103/56 178/114/144 177/113/143
f 239/103/57 242/106/58 179/115/145 178/114/146
f 242/106/58 180/75/48 143/35/127 179/115/145
f 241/104/58 181/74/48 180/75/48 242/106/58
f 240/105/58 182/72/48 181/74/48 241/104/58
f 134/116/58 127/71/48 182/72/48 240/105/58
f 135/117/57 134/116/58 240/105/58 237/101/57
f 136/109/54 135/117/56 237/101/56 234/98/54
f 243/118/147 246/121/148 247/120/149 244/119/150
f 244/119/150 247/120/149 248/123/151 245/122/152
f 246/121/148 249/125/153 250/124/154 247/120/149
f 247/120/149 250/124/154 251/126/155 248/123/151
f 137/24/121 152/127/156 243/118/147 149/22/157
f 149/22/157 243/118/147 244/119/150 148/21/158
f 148/21/158 244/119/150 245/122/152 147/20/159
f 147/20/159 245/122/152 174/128/160 138/19/161
f 245/122/152 248/123/151 175/129/162 174/128/160
f 248/123/151 251/126/155 176/130/163 175/129/162
f 251/126/155 183/57/140 142/58/142 176/130/163
f 250/124/154 184/56/139 183/57/140 251/126/155
f 249/125/153 185/55/138 184/56/139 250/124/154
f 150/131/164 141/40/134 185/55/138 249/125/153
f 151/132/165 150/131/164 249/125/153 246/121/148
f 152/127/156 151/132/165 246/121/148 243/118/147
f 252/133/166 255/136/167 256/135/168 253/134/169
f 253/134/170 256/135/171 257/138/172 254/137/173
f 255/136/174 258/140/175 259/139/176 256/135/177
f 256/135/171 259/139/178 260/141/179 257/138/172
f 140/112/106 177/113/143 252/133/166 164/142/107
f 164/142/107 252/133/166 253/134/169 163/143/122
f 163/143/122 253/134/169 254/137/180 162/144/120
f 162/144/120 254/137/173 152/127/156 137/24/121
f 254/137/173 257/138/172 151/132/165 152/127/156
f 257/138/172 260/141/179 150/131/164 151/132/165
f 260/141/179 186/39/132 141/40/134 150/131/164
f 259/139/178 187/38/131 186/39/132 260/141/179
f 258/140/175 188/36/129 187/38/130 259/139/176
f 179/115/145 143/35/127 188/36/129 258/140/175
f 178/114/146 179/115/145 258/140/175 255/136/174
f 177/113/143 178/114/144 255/136/167 252/133/166
f 222/69/47 285/145/47 284/146/47 223/68/47
f 223/68/47 284/146/47 283/147/47 224/70/47
f 213/53/135 282/148/135 281/149/136 214/52/136
f 214/52/136 281/149/136 280/150/137 215/54/137
f 204/33/123 279/151/123 278/152/124 205/32/124
f 205/32/125 278/152/125 277/153/126 206/34/126
f 206/34/126 277/153/126 276/154/133 171/43/133
f 171/43/133 276/154/133 282/148/135 213/53/135
f 167/45/128 275/155/128 279/151/123 204/33/123
f 224/70/47 283/147/47 275/155/128 167/45/128
f 215/54/137 280/150/137 274/156/141 158/61/141
f 128/77/47 273/157/47 285/145/47 222/69/47
f 128/77/47 86/69/47 272/145/47 273/157/47
f 86/69/47 87/68/47 271/146/47 272/145/47
f 87/68/47 88/70/47 270/147/47 271/146/47
f 77/53/39 78/52/40 268/149/40 269/148/39
f 78/52/40 79/54/41 267/150/41 268/149/40
f 68/33/27 69/32/28 265/152/28 266/151/27
f 69/32/29 70/34/30 264/153/30 265/152/29
f 70/34/30 35/43/38 263/154/38 264/153/30
f 35/43/38 77/53/39 269/148/39 263/154/38
f 31/45/33 68/33/27 266/151/27 262/155/33
f 88/70/47 31/45/33 262/155/33 270/147/47
f 79/54/41 22/61/46 261/156/46 267/150/41
f 338/1/181 341/4/182 342/3/183 339/2/184
f 339/2/184 342/3/183 343/6/185 340/5/186
f 341/4/182 344/8/187 345/7/188 342/3/183
f 342/3/183 345/7/188 346/9/189 343/6/185
f 289/10/190 313/12/191 338/1/181 319/11/192
f 319/11/192 338/1/181 339/2/184 318/13/193
f 318/13/193 339/2/184 340/5/186 317/14/194
f 317/14/194 340/5/186 293/16/195 288/15/196
f 340/5/186 343/6/185 294/17/197 293/16/195
f 343/6/185 346/9/189 295/18/198 294/17/197
f 346/9/199 296/20/200 287/19/201 295/18/201
f 345/7/188 297/21/202 296/20/200 346/9/199
f 344/8/187 298/22/203 297/21/202 345/7/188
f 311/23/204 286/24/205 298/22/203 344/8/187
f 312/25/206 311/23/204 344/8/187 341/4/182
f 313/12/191 312/25/206 341/4/182 338/1/181
f 347/26/27 350/29/27 351/28/28 348/27/28
f 348/27/29 351/28/29 352/31/30 349/30/30
f 350/29/27 353/33/27 354/32/28 351/28/28
f 351/28/29 354/32/29 355/34/30 352/31/30
f 292/35/207 314/37/33 347/26/27 337/36/208
f 337/36/208 347/26/27 348/27/28 336/38/209
f 336/38/210 348/27/29 349/30/30 335/39/211
f 335/39/211 349/30/30 322/41/38 290/40/212
f 349/30/30 352/31/30 321/42/38 322/41/38
f 352/31/30 355/34/30 320/43/38 321/42/38
f 315/44/33 316/45/33 353/33/27 350/29/27
f 314/37/33 315/44/33 350/29/27 347/26/27
f 356/46/39 359/49/39 360/48/40 357/47/40
f 357/47/40 360/48/40 361/51/41 358/50/41
f 359/49/39 362/53/39 363/52/40 360/48/40
f 360/48/40 363/52/40 364/54/41 361/51/41
f 290/40/212 322/41/38 356/46/39 334/55/213
f 334/55/213 356/46/39 357/47/40 333/56/214
f 333/56/214 357/47/40 358/50/41 332/57/215
f 332/57/215 358/50/41 305/59/46 291/58/216
f 358/50/41 361/51/41 306/60/46 305/59/46
f 361/51/41 364/54/41 307/61/46 306/60/46
f 321/42/38 320/43/38 362/53/39 359/49/39
f 322/41/38 321/42/38 359/49/39 356/46/39
f 365/62/47 368/65/47 369/64/47 366/63/47
f 366/63/47 369/64/47 370/67/47 367/66/47
f 368/65/47 371/69/47 372/68/47 369/64/47
f 369/64/47 372/68/47 373/70/47 370/67/47
f 412/71/217 415/73/47 365/62/47 331/72/217
f 331/72/217 365/62/47 366/63/47 330/74/217
f 330/74/217 366/63/47 367/66/47 329/75/217
f 329/75/217 367/66/47 314/37/33 292/35/207
f 367/66/47 370/67/47 315/44/33 314/37/33
f 370/67/47 373/70/47 316/45/33 315/44/33
f 414/76/47 413/77/47 371/69/47 368/65/47
f 415/73/47 414/76/47 368/65/47 365/62/47
f 374/78/218 377/81/218 378/80/219 375/79/219
f 375/79/219 378/80/219 379/83/220 376/82/220
f 377/81/218 380/85/218 381/84/219 378/80/219
f 378/80/219 381/84/219 382/86/220 379/83/220
f 410/87/221 304/89/221 374/78/218 416/88/218
f 416/88/218 374/78/218 375/79/219 417/90/219
f 417/90/219 375/79/219 376/82/220 418/91/220
f 418/91/220 376/82/220 308/93/222 411/92/222
f 376/82/220 379/83/220 309/94/222 308/93/222
f 379/83/220 382/86/220 310/95/222 309/94/222
f 382/86/220 317/14/194 288/15/196 310/95/222
f 381/84/219 318/13/193 317/14/194 382/86/220
f 380/85/218 319/11/192 318/13/193 381/84/219
f 302/96/221 289/10/190 319/11/192 380/85/218
f 303/97/221 302/96/221 380/85/218 377/81/218
f 304/89/221 303/97/221 377/81/218 374/78/218
f 383/98/223 386/101/224 387/100/224 384/99/225
f 384/99/225 387/100/224 388/103/224 385/102/223
f 386/101/226 389/105/227 390/104/227 387/100/226
f 387/100/226 390/104/227 391/106/227 388/103/226
f 410/107/221 421/109/223 383/98/223 304/108/221
f 304/108/221 383/98/223 384/99/225 303/110/221
f 303/110/221 384/99/225 385/102/223 302/111/221
f 302/111/221 385/102/223 326/113/228 289/112/190
f 385/102/223 388/103/224 327/114/229 326/113/228
f 388/103/226 391/106/227 328/115/230 327/114/231
f 391/106/227 329/75/217 292/35/207 328/115/230
f 390/104/227 330/74/217 329/75/217 391/106/227
f 389/105/227 331/72/217 330/74/217 390/104/227
f 419/116/227 412/71/217 331/72/217 389/105/227
f 420/117/226 419/116/227 389/105/227 386/101/226
f 421/109/223 420/117/224 386/101/224 383/98/223
f 392/118/232 395/121/233 396/120/234 393/119/235
f 393/119/235 396/120/234 397/123/236 394/122/237
f 395/121/233 398/125/238 399/124/239 396/120/234
f 396/120/234 399/124/239 400/126/240 397/123/236
f 286/24/205 301/127/241 392/118/232 298/22/242
f 298/22/242 392/118/232 393/119/235 297/21/243
f 297/21/243 393/119/235 394/122/237 296/20/244
f 296/20/244 394/122/237 323/128/245 287/19/246
f 394/122/237 397/123/236 324/129/247 323/128/245
f 397/123/236 400/126/240 325/130/248 324/129/247
f 400/126/240 332/57/215 291/58/216 325/130/248
f 399/124/239 333/56/214 332/57/215 400/126/240
f 398/125/238 334/55/213 333/56/214 399/124/239
f 299/131/249 290/40/212 334/55/213 398/125/238
f 300/132/250 299/131/249 398/125/238 395/121/233
f 301/127/241 300/132/250 395/121/233 392/118/232
f 401/133/251 404/136/252 405/135/253 402/134/254
f 402/134/255 405/135/256 406/138/257 403/137/258
f 404/136/259 407/140/260 408/139/261 405/135/262
f 405/135/256 408/139/263 409/141/264 406/138/257
f 289/112/190 326/113/228 401/133/251 313/142/191
f 313/142/191 401/133/251 402/134/254 312/143/206
f 312/143/206 402/134/254 403/137/265 311/144/204
f 311/144/204 403/137/258 301/127/241 286/24/205
f 403/137/258 406/138/257 300/132/250 301/127/241
f 406/138/257 409/141/264 299/131/249 300/132/250
f 409/141/264 335/39/211 290/40/212 299/131/249
f 408/139/263 336/38/210 335/39/211 409/141/264
f 407/140/260 337/36/208 336/38/209 408/139/261
f 328/115/230 292/35/207 337/36/208 407/140/260
f 327/114/231 328/115/230 407/140/260 404/136/259
f 326/113/228 327/114/229 404/136/252 401/133/251
f 474/1/266 475/2/267 478/3/268 477/4/269
f 475/2/267 476/5/270 479/6/271 478/3/268
f 477/4/269 478/3/268 481/7/272 480/8/273
f 478/3/268 479/6/271 482/9/274 481/7/272
f 425/10/275 455/11/276 474/1/266 449/12/277
f 455/11/276 454/13/278 475/2/267 474/1/266
f 454/13/278 453/14/279 476/5/270 475/2/267
f 453/14/279 424/15/280 429/16/281 476/5/270
f 476/5/270 429/16/281 430/17/282 479/6/271
f 479/6/271 430/17/282 431/18/283 482/9/274
f 482/9/284 431/18/285 423/19/285 432/20/286
f 481/7/272 482/9/284 432/20/286 433/21/287
f 480/8/273 481/7/272 433/21/287 434/22/288
f 447/23/289 480/8/273 434/22/288 422/24/290
f 448/25/291 477/4/269 480/8/273 447/23/289
f 449/12/277 474/1/266 477/4/269 448/25/291
f 483/26/123 484/27/124 487/28/124 486/29/123
f 484/27/125 485/30/126 488/31/126 487/28/125
f 486/29/123 487/28/124 490/32/124 489/33/123
f 487/28/125 488/31/126 491/34/126 490/32/125
f 428/35/292 473/36/293 483/26/123 450/37/128
f 473/36/293 472/38/294 484/27/124 483/26/123
f 472/38/295 471/39/296 485/30/126 484/27/125
f 471/39/296 426/40/297 458/41/133 485/30/126
f 485/30/126 458/41/133 457/42/133 488/31/126
f 488/31/126 457/42/133 456/43/133 491/34/126
f 451/44/128 486/29/123 489/33/123 452/45/128
f 450/37/128 483/26/123 486/29/123 451/44/128
f 492/46/135 493/47/136 496/48/136 495/49/135
f 493/47/136 494/50/137 497/51/137 496/48/136
f 495/49/135 496/48/136 499/52/136 498/53/135
f 496/48/136 497/51/137 500/54/137 499/52/136
f 426/40/297 470/55/298 492/46/135 458/41/133
f 470/55/298 469/56/299 493/47/136 492/46/135
f 469/56/299 468/57/300 494/50/137 493/47/136
f 468/57/300 427/58/301 441/59/141 494/50/137
f 494/50/137 441/59/141 442/60/141 497/51/137
f 497/51/137 442/60/141 443/61/141 500/54/137
f 457/42/133 495/49/135 498/53/135 456/43/133
f 458/41/133 492/46/135 495/49/135 457/42/133
f 501/62/47 502/63/47 505/64/47 504/65/47
f 502/63/47 503/66/47 506/67/47 505/64/47
f 504/65/47 505/64/47 508/68/47 507/69/47
f 505/64/47 506/67/47 509/70/47 508/68/47
f 412/71/217 467/72/217 501/62/47 415/73/47
f 467/72/217 466/74/217 502/63/47 501/62/47
f 466/74/217 465/75/217 503/66/47 502/63/47
f 465/75/217 428/35/292 450/37/128 503/66/47
f 503/66/47 450/37/128 451/44/128 506/67/47
f 506/67/47 451/44/128 452/45/128 509/70/47
f 414/76/47 504/65/47 507/69/47 413/77/47
f 415/73/47 501/62/47 504/65/47 414/76/47
f 510/78/218 511/79/219 514/80/219 513/81/218
f 511/79/219 512/82/220 515/83/220 514/80/219
f 513/81/218 514/80/219 517/84/219 516/85/218
f 514/80/219 515/83/220 518/86/220 517/84/219
f 410/87/221 416/88/218 510/78/218 440/89/221
f 416/88/218 417/90/219 511/79/219 510/78/218
f 417/90/219 418/91/220 512/82/220 511/79/219
f 418/91/220 411/92/222 444/93/222 512/82/220
f 512/82/220 444/93/222 445/94/222 515/83/220
f 515/83/220 445/94/222 446/95/222 518/86/220
f 518/86/220 446/95/222 424/15/280 453/14/279
f 517/84/219 518/86/220 453/14/279 454/13/278
f 516/85/218 517/84/219 454/13/278 455/11/276
f 438/96/221 516/85/218 455/11/276 425/10/275
f 439/97/221 513/81/218 516/85/218 438/96/221
f 440/89/221 510/78/218 513/81/218 439/97/221
f 519/98/223 520/99/225 523/100/224 522/101/224
f 520/99/225 521/102/223 524/103/224 523/100/224
f 522/101/226 523/100/226 526/104/227 525/105/227
f 523/100/226 524/103/226 527/106/227 526/104/227
f 410/107/221 440/108/221 519/98/223 421/109/223
f 440/108/221 439/110/221 520/99/225 519/98/223
f 439/110/221 438/111/221 521/102/223 520/99/225
f 438/111/221 425/112/275 462/113/302 521/102/223
f 521/102/223 462/113/302 463/114/303 524/103/224
f 524/103/226 463/114/304 464/115/305 527/106/227
f 527/106/227 464/115/305 428/35/292 465/75/217
f 526/104/227 527/106/227 465/75/217 466/74/217
f 525/105/227 526/104/227 466/74/217 467/72/217
f 419/116/227 525/105/227 467/72/217 412/71/217
f 420/117/226 522/101/226 525/105/227 419/116/227
f 421/109/223 519/98/223 522/101/224 420/117/224
f 528/118/306 529/119/307 532/120/308 531/121/309
f 529/119/307 530/122/310 533/123/311 532/120/308
f 531/121/309 532/120/308 535/124/312 534/125/313
f 532/120/308 533/123/311 536/126/314 535/124/312
f 422/24/290 434/22/315 528/118/306 437/127/316
f 434/22/315 433/21/317 529/119/307 528/118/306
f 433/21/317 432/20/318 530/122/310 529/119/307
f 432/20/318 423/19/319 459/128/320 530/122/310
f 530/122/310 459/128/320 460/129/321 533/123/311
f 533/123/311 460/129/321 461/130/322 536/126/314
f 536/126/314 461/130/322 427/58/301 468/57/300
f 535/124/312 536/126/314 468/57/300 469/56/299
f 534/125/313 535/124/312 469/56/299 470/55/298
f 435/131/323 534/125/313 470/55/298 426/40/297
f 436/132/324 531/121/309 534/125/313 435/131/323
f 437/127/316 528/118/306 531/121/309 436/132/324
f 537/133/325 538/134/326 541/135/327 540/136/328
f 538/134/329 539/137/330 542/138/331 541/135/332
f 540/136/333 541/135/334 544/139/335 543/140/336
f 541/135/332 542/138/331 545/141/337 544/139/338
f 425/112/275 449/142/277 537/133/325 462/113/302
f 449/142/277 448/143/291 538/134/326 537/133/325
f 448/143/291 447/144/289 539/137/339 538/134/326
f 447/144/289 422/24/290 437/127/316 539/137/330
f 539/137/330 437/127/316 436/132/324 542/138/331
f 542/138/331 436/132/324 435/131/323 545/141/337
f 545/141/337 435/131/323 426/40/297 471/39/296
f 544/139/338 545/141/337 471/39/296 472/38/295
f 543/140/336 544/139/335 472/38/294 473/36/293
f 464/115/305 543/140/336 473/36/293 428/35/292
f 463/114/304 540/136/333 543/140/336 464/115/305
f 462/113/302 537/133/325 540/136/328 463/114/303
f 507/69/47 508/68/47 284/146/47 285/145/47
f 508/68/47 509/70/47 283/147/47 284/146/47
f 498/53/135 499/52/136 281/149/136 282/148/135
f 499/52/136 500/54/137 280/150/137 281/149/136
f 489/33/123 490/32/124 278/152/124 279/151/123
f 490/32/125 491/34/126 277/153/126 278/152/125
f 491/34/126 456/43/133 276/154/133 277/153/126
f 456/43/133 498/53/135 282/148/135 276/154/133
f 452/45/128 489/33/123 279/151/123 275/155/128
f 509/70/47 452/45/128 275/155/128 283/147/47
f 500/54/137 443/61/141 274/156/141 280/150/137
f 413/77/47 507/69/47 285/145/47 273/157/47
f 413/77/47 273/157/47 272/145/47 371/69/47
f 371/69/47 272/145/47 271/146/47 372/68/47
f 372/68/47 271/146/47 270/147/47 373/70/47
f 362/53/39 269/148/39 268/149/40 363/52/40
f 363/52/40 268/149/40 267/150/41 364/54/41
f 353/33/27 266/151/27 265/152/28 354/32/28
f 354/32/29 265/152/29 264/153/30 355/34/30
f 355/34/30 264/153/30 263/154/38 320/43/38
f 320/43/38 263/154/38 269/148/39 362/53/39
f 316/45/33 262/155/33 266/151/27 353/33/27
f 373/70/47 270/147/47 262/155/33 316/45/33
f 364/54/41 267/150/41 261/156/46 307/61/46
f 598/1/340 601/4/341 602/3/342 599/2/343
f 599/2/343 602/3/342 603/6/344 600/5/345
f 601/4/341 604/8/346 605/7/347 602/3/342
f 602/3/342 605/7/347 606/9/348 603/6/344
f 549/10/349 573/12/350 598/1/340 579/11/351
f 579/11/351 598/1/340 599/2/343 578/13/352
f 578/13/352 599/2/343 600/5/345 577/14/353
f 577/14/353 600/5/345 553/16/354 548/15/355
f 600/5/345 603/6/344 554/17/356 553/16/354
f 603/6/344 606/9/348 555/18/357 554/17/356
f 606/9/358 556/20/359 547/19/360 555/18/360
f 605/7/361 557/21/362 556/20/359 606/9/358
f 604/8/346 558/22/363 557/21/362 605/7/361
f 571/23/364 546/24/365 558/22/363 604/8/346
f 572/25/366 571/23/364 604/8/346 601/4/341
f 573/12/350 572/25/366 601/4/341 598/1/340
f 616/46/383 619/49/383 620/48/384 617/47/384
f 617/47/384 620/48/384 621/51/385 618/50/385
f 619/49/383 622/53/383 623/52/384 620/48/384
f 620/48/384 623/52/384 624/54/385 621/51/385
f 550/40/381 582/41/380 616/46/383 594/55/386
f 594/55/386 616/46/383 617/47/384 593/56/387
f 593/56/387 617/47/384 618/50/385 592/57/388
f 592/57/388 618/50/385 565/59/389 551/58/390
f 618/50/385 621/51/385 566/60/389 565/59/389
f 621/51/385 624/54/385 567/61/389 566/60/389
f 581/42/382 580/43/382 622/53/383 619/49/383
f 582/41/380 581/42/382 619/49/383 616/46/383
f 634/78/393 637/81/393 638/80/394 635/79/394
f 635/79/394 638/80/394 639/83/395 636/82/395
f 637/81/393 640/85/393 641/84/394 638/80/394
f 638/80/394 641/84/394 642/86/395 639/83/395
f 670/87/396 564/89/396 634/78/393 676/88/393
f 676/88/393 634/78/393 635/79/394 677/90/394
f 677/90/394 635/79/394 636/82/395 678/91/395
f 678/91/395 636/82/395 568/93/397 671/92/397
f 636/82/395 639/83/395 569/94/397 568/93/397
f 639/83/395 642/86/395 570/95/397 569/94/397
f 642/86/395 577/14/353 548/15/355 570/95/397
f 641/84/394 578/13/352 577/14/353 642/86/395
f 640/85/393 579/11/351 578/13/352 641/84/394
f 562/96/396 549/10/349 579/11/351 640/85/393
f 563/97/396 562/96/396 640/85/393 637/81/393
f 564/89/396 563/97/396 637/81/393 634/78/393
f 652/118/409 655/121/410 656/120/411 653/119/412
f 653/119/412 656/120/411 657/123/413 654/122/414
f 655/121/410 658/125/415 659/124/416 656/120/411
f 656/120/411 659/124/416 660/126/417 657/123/413
f 546/24/418 561/127/419 652/118/409 558/22/420
f 558/22/420 652/118/409 653/119/412 557/21/421
f 557/21/421 653/119/412 654/122/414 556/20/422
f 556/20/422 654/122/414 583/128/423 547/19/424
f 654/122/414 657/123/413 584/129/425 583/128/423
f 657/123/413 660/126/417 585/130/426 584/129/425
f 660/126/417 592/57/388 551/58/390 585/130/426
f 659/124/416 593/56/387 592/57/388 660/126/417
f 658/125/415 594/55/386 593/56/387 659/124/416
f 559/131/427 550/40/381 594/55/386 658/125/415
f 560/132/428 559/131/427 658/125/415 655/121/410
f 561/127/419 560/132/428 655/121/410 652/118/409
f 571/144/443 663/137/444 561/127/419 546/24/418
f 734/1/445 735/2/446 738/3/447 737/4/448
f 735/2/446 736/5/449 739/6/450 738/3/447
f 737/4/448 738/3/447 741/7/451 740/8/452
f 738/3/447 739/6/450 742/9/453 741/7/451
f 685/10/454 715/11/455 734/1/445 709/12/456
f 715/11/455 714/13/457 735/2/446 734/1/445
f 714/13/457 713/14/458 736/5/449 735/2/446
f 713/14/458 684/15/459 689/16/460 736/5/449
f 736/5/449 689/16/460 690/17/461 739/6/450
f 739/6/450 690/17/461 691/18/462 742/9/453
f 742/9/463 691/18/464 683/19/464 692/20/465
f 741/7/466 742/9/463 692/20/465 693/21/467
f 740/8/452 741/7/466 693/21/467 694/22/468
f 707/23/469 740/8/452 694/22/468 682/24/470
f 708/25/471 737/4/448 740/8/452 707/23/469
f 709/12/456 734/1/445 737/4/448 708/25/471
f 752/46/488 753/47/489 756/48/489 755/49/488
f 753/47/489 754/50/490 757/51/490 756/48/489
f 755/49/488 756/48/489 759/52/489 758/53/488
f 756/48/489 757/51/490 760/54/490 759/52/489
f 686/40/485 730/55/491 752/46/488 718/41/486
f 730/55/491 729/56/492 753/47/489 752/46/488
f 729/56/492 728/57/493 754/50/490 753/47/489
f 728/57/493 687/58/494 701/59/495 754/50/490
f 754/50/490 701/59/495 702/60/495 757/51/490
f 757/51/490 702/60/495 703/61/495 760/54/490
f 717/42/487 755/49/488 758/53/488 716/43/487
f 718/41/486 752/46/488 755/49/488 717/42/487
f 770/78/393 771/79/394 774/80/394 773/81/393
f 771/79/394 772/82/395 775/83/395 774/80/394
f 773/81/393 774/80/394 777/84/394 776/85/393
f 774/80/394 775/83/395 778/86/395 777/84/394
f 670/87/396 676/88/393 770/78/393 700/89/396
f 676/88/393 677/90/394 771/79/394 770/78/393
f 677/90/394 678/91/395 772/82/395 771/79/394
f 678/91/395 671/92/397 704/93/397 772/82/395
f 772/82/395 704/93/397 705/94/397 775/83/395
f 775/83/395 705/94/397 706/95/397 778/86/395
f 778/86/395 706/95/397 684/15/459 713/14/458
f 777/84/394 778/86/395 713/14/458 714/13/457
f 776/85/393 777/84/394 714/13/457 715/11/455
f 698/96/396 776/85/393 715/11/455 685/10/454
f 699/97/396 773/81/393 776/85/393 698/96/396
f 700/89/396 770/78/393 773/81/393 699/97/396
f 788/118/500 789/119/501 792/120/502 791/121/503
f 789/119/501 790/122/504 793/123/505 792/120/502
f 791/121/503 792/120/502 795/124/506 794/125/507
f 792/120/502 793/123/505 796/126/508 795/124/506
f 682/24/509 694/22/510 788/118/500 697/127/511
f 694/22/510 693/21/512 789/119/501 788/118/500
f 693/21/512 692/20/513 790/122/504 789/119/501
f 692/20/513 683/19/514 719/128/515 790/122/504
f 790/122/504 719/128/515 720/129/516 793/123/505
f 793/123/505 720/129/516 721/130/517 796/126/508
f 796/126/508 721/130/517 687/58/494 728/57/493
f 795/124/506 796/126/508 728/57/493 729/56/492
f 794/125/507 795/124/506 729/56/492 730/55/491
f 695/131/518 794/125/507 730/55/491 686/40/485
f 696/132/519 791/121/503 794/125/507 695/131/518
f 697/127/511 788/118/500 791/121/503 696/132/519
f 707/144/534 682/24/509 697/127/511 799/137/535
f 758/53/488 759/52/489 826/149/489 827/148/488
f 759/52/489 760/54/490 825/150/490 826/149/489
f 716/43/487 758/53/488 827/148/488 821/154/487
f 760/54/490 703/61/495 819/156/495 825/150/490
f 622/53/383 814/148/383 813/149/384 623/52/384
f 623/52/384 813/149/384 812/150/385 624/54/385
f 580/43/382 808/154/382 814/148/383 622/53/383
f 624/54/385 812/150/385 806/156/389 567/61/389
f 883/1/536 884/2/537 887/3/538 886/4/539
f 884/2/537 885/5/540 888/6/541 887/3/538
f 886/4/539 887/3/538 890/7/542 889/8/543
f 887/3/538 888/6/541 891/9/544 890/7/542
f 834/10/545 864/11/546 883/1/536 858/12/547
f 864/11/546 863/13/548 884/2/537 883/1/536
f 863/13/548 862/14/549 885/5/540 884/2/537
f 862/14/549 833/15/550 838/16/551 885/5/540
f 885/5/540 838/16/551 839/17/552 888/6/541
f 888/6/541 839/17/552 840/18/553 891/9/544
f 891/9/554 840/18/555 832/19/555 841/20/556
f 890/7/557 891/9/554 841/20/556 842/21/558
f 889/8/543 890/7/557 842/21/558 843/22/559
f 856/23/560 889/8/543 843/22/559 831/24/561
f 857/25/562 886/4/539 889/8/543 856/23/560
f 858/12/547 883/1/536 886/4/539 857/25/562
f 901/46/383 902/47/384 905/48/384 904/49/383
f 902/47/384 903/50/385 906/51/385 905/48/384
f 904/49/383 905/48/384 908/52/384 907/53/383
f 905/48/384 906/51/385 909/54/385 908/52/384
f 835/40/569 879/55/570 901/46/383 867/41/380
f 879/55/570 878/56/571 902/47/384 901/46/383
f 878/56/571 877/57/572 903/50/385 902/47/384
f 877/57/572 836/58/573 850/59/389 903/50/385
f 903/50/385 850/59/389 851/60/389 906/51/385
f 906/51/385 851/60/389 852/61/389 909/54/385
f 866/42/382 904/49/383 907/53/383 865/43/382
f 867/41/380 901/46/383 904/49/383 866/42/382
f 919/78/575 920/79/576 923/80/576 922/81/575
f 920/79/576 921/82/577 924/83/577 923/80/576
f 922/81/575 923/80/576 926/84/576 925/85/575
f 923/80/576 924/83/577 927/86/577 926/84/576
f 955/87/578 961/88/575 919/78/575 849/89/578
f 961/88/575 962/90/576 920/79/576 919/78/575
f 962/90/576 963/91/577 921/82/577 920/79/576
f 963/91/577 956/92/579 853/93/579 921/82/577
f 921/82/577 853/93/579 854/94/579 924/83/577
f 924/83/577 854/94/579 855/95/579 927/86/577
f 927/86/577 855/95/579 833/15/550 862/14/549
f 926/84/576 927/86/577 862/14/549 863/13/548
f 925/85/575 926/84/576 863/13/548 864/11/546
f 847/96/578 925/85/575 864/11/546 834/10/545
f 848/97/578 922/81/575 925/85/575 847/96/578
f 849/89/578 919/78/575 922/81/575 848/97/578
f 937/118/591 938/119/592 941/120/593 940/121/594
f 938/119/592 939/122/595 942/123/596 941/120/593
f 940/121/594 941/120/593 944/124/597 943/125/598
f 941/120/593 942/123/596 945/126/599 944/124/597
f 831/24/600 843/22/601 937/118/591 846/127/602
f 843/22/601 842/21/603 938/119/592 937/118/591
f 842/21/603 841/20/604 939/122/595 938/119/592
f 841/20/604 832/19/605 868/128/606 939/122/595
f 939/122/595 868/128/606 869/129/607 942/123/596
f 942/123/596 869/129/607 870/130/608 945/126/599
f 945/126/599 870/130/608 836/58/573 877/57/572
f 944/124/597 945/126/599 877/57/572 878/56/571
f 943/125/598 944/124/597 878/56/571 879/55/570
f 844/131/609 943/125/598 879/55/570 835/40/569
f 845/132/610 940/121/594 943/125/598 844/131/609
f 846/127/602 937/118/591 940/121/594 845/132/610
f 856/144/625 831/24/600 846/127/602 948/137/626
f 1019/1/627 1022/4/628 1023/3/629 1020/2/630
f 1020/2/630 1023/3/629 1024/6/631 1021/5/632
f 1022/4/628 1025/8/633 1026/7/634 1023/3/629
f 1023/3/629 1026/7/634 1027/9/635 1024/6/631
f 970/10/636 994/12/637 1019/1/627 1000/11/638
f 1000/11/638 1019/1/627 1020/2/630 999/13/639
f 999/13/639 1020/2/630 1021/5/632 998/14/640
f 998/14/640 1021/5/632 974/16/641 969/15/642
f 1021/5/632 1024/6/631 975/17/643 974/16/641
f 1024/6/631 1027/9/635 976/18/644 975/17/643
f 1027/9/645 977/20/646 968/19/647 976/18/647
f 1026/7/648 978/21/649 977/20/646 1027/9/645
f 1025/8/633 979/22/650 978/21/649 1026/7/648
f 992/23/651 967/24/652 979/22/650 1025/8/633
f 993/25/653 992/23/651 1025/8/633 1022/4/628
f 994/12/637 993/25/653 1022/4/628 1019/1/627
f 1037/46/488 1040/49/488 1041/48/489 1038/47/489
f 1038/47/489 1041/48/489 1042/51/490 1039/50/490
f 1040/49/488 1043/53/488 1044/52/489 1041/48/489
f 1041/48/489 1044/52/489 1045/54/490 1042/51/490
f 971/40/660 1003/41/486 1037/46/488 1015/55/661
f 1015/55/661 1037/46/488 1038/47/489 1014/56/662
f 1014/56/662 1038/47/489 1039/50/490 1013/57/663
f 1013/57/663 1039/50/490 986/59/495 972/58/664
f 1039/50/490 1042/51/490 987/60/495 986/59/495
f 1042/51/490 1045/54/490 988/61/495 987/60/495
f 1002/42/487 1001/43/487 1043/53/488 1040/49/488
f 1003/41/486 1002/42/487 1040/49/488 1037/46/488
f 1055/78/575 1058/81/575 1059/80/576 1056/79/576
f 1056/79/576 1059/80/576 1060/83/577 1057/82/577
f 1058/81/575 1061/85/575 1062/84/576 1059/80/576
f 1059/80/576 1062/84/576 1063/86/577 1060/83/577
f 955/87/578 985/89/578 1055/78/575 961/88/575
f 961/88/575 1055/78/575 1056/79/576 962/90/576
f 962/90/576 1056/79/576 1057/82/577 963/91/577
f 963/91/577 1057/82/577 989/93/579 956/92/579
f 1057/82/577 1060/83/577 990/94/579 989/93/579
f 1060/83/577 1063/86/577 991/95/579 990/94/579
f 1063/86/577 998/14/640 969/15/642 991/95/579
f 1062/84/576 999/13/639 998/14/640 1063/86/577
f 1061/85/575 1000/11/638 999/13/639 1062/84/576
f 983/96/578 970/10/636 1000/11/638 1061/85/575
f 984/97/578 983/96/578 1061/85/575 1058/81/575
f 985/89/578 984/97/578 1058/81/575 1055/78/575
f 1073/118/669 1076/121/670 1077/120/671 1074/119/672
f 1074/119/672 1077/120/671 1078/123/673 1075/122/674
f 1076/121/670 1079/125/675 1080/124/676 1077/120/671
f 1077/120/671 1080/124/676 1081/126/677 1078/123/673
f 967/24/678 982/127/679 1073/118/669 979/22/680
f 979/22/680 1073/118/669 1074/119/672 978/21/681
f 978/21/681 1074/119/672 1075/122/674 977/20/682
f 977/20/682 1075/122/674 1004/128/683 968/19/684
f 1075/122/674 1078/123/673 1005/129/685 1004/128/683
f 1078/123/673 1081/126/677 1006/130/686 1005/129/685
f 1081/126/677 1013/57/663 972/58/664 1006/130/686
f 1080/124/676 1014/56/662 1013/57/663 1081/126/677
f 1079/125/675 1015/55/661 1014/56/662 1080/124/676
f 980/131/687 971/40/660 1015/55/661 1079/125/675
f 981/132/688 980/131/687 1079/125/675 1076/121/670
f 982/127/679 981/132/688 1076/121/670 1073/118/669
f 992/144/703 1084/137/704 982/127/679 967/24/678
f 1043/53/488 827/148/488 826/149/489 1044/52/489
f 1044/52/489 826/149/489 825/150/490 1045/54/490
f 1001/43/487 821/154/487 827/148/488 1043/53/488
f 1045/54/490 825/150/490 819/156/495 988/61/495
f 907/53/383 908/52/384 813/149/384 814/148/383
f 908/52/384 909/54/385 812/150/385 813/149/384
f 865/43/382 907/53/383 814/148/383 808/154/382
f 909/54/385 852/61/389 806/156/389 812/150/385
f 8/16/705 3/15/705 548/15/705 553/16/705
f 9/17/705 8/16/705 553/16/705 554/17/705
f 10/18/706 9/17/705 554/17/705 555/18/706
f 2/19/706 10/18/706 555/18/706 547/19/706
f 20/59/707 6/58/707 551/58/707 565/59/707
f 21/60/707 20/59/707 565/59/707 566/60/707
f 22/61/707 21/60/707 566/60/707 567/61/707
f 23/93/705 126/92/705 671/92/705 568/93/705
f 24/94/705 23/93/705 568/93/705 569/94/705
f 25/95/705 24/94/705 569/94/705 570/95/705
f 3/15/705 25/95/705 570/95/705 548/15/705
f 38/128/707 2/19/706 547/19/706 583/128/707
f 39/129/707 38/128/707 583/128/707 584/129/707
f 40/130/707 39/129/707 584/129/707 585/130/707
f 6/58/707 40/130/707 585/130/707 551/58/707
f 139/15/705 144/16/705 689/16/705 684/15/705
f 144/16/705 145/17/705 690/17/705 689/16/705
f 145/17/705 146/18/708 691/18/708 690/17/705
f 146/18/708 138/19/708 683/19/708 691/18/708
f 142/58/709 156/59/709 701/59/709 687/58/709
f 156/59/709 157/60/709 702/60/709 701/59/709
f 157/60/709 158/61/709 703/61/709 702/60/709
f 126/92/705 159/93/705 704/93/705 671/92/705
f 159/93/705 160/94/705 705/94/705 704/93/705
f 160/94/705 161/95/705 706/95/705 705/94/705
f 161/95/705 139/15/705 684/15/705 706/95/705
f 138/19/708 174/128/709 719/128/709 683/19/708
f 174/128/709 175/129/709 720/129/709 719/128/709
f 175/129/709 176/130/709 721/130/709 720/129/709
f 176/130/709 142/58/709 687/58/709 721/130/709
f 261/156/707 22/61/707 567/61/707 806/156/707
f 158/61/709 274/156/709 819/156/709 703/61/709
f 288/15/710 293/16/710 838/16/710 833/15/710
f 293/16/710 294/17/710 839/17/710 838/16/710
f 294/17/710 295/18/711 840/18/711 839/17/710
f 295/18/711 287/19/711 832/19/711 840/18/711
f 291/58/707 305/59/707 850/59/707 836/58/707
f 305/59/707 306/60/707 851/60/707 850/59/707
f 306/60/707 307/61/707 852/61/707 851/60/707
f 411/92/710 308/93/710 853/93/710 956/92/710
f 308/93/710 309/94/710 854/94/710 853/93/710
f 309/94/710 310/95/710 855/95/710 854/94/710
f 310/95/710 288/15/710 833/15/710 855/95/710
f 287/19/711 323/128/707 868/128/707 832/19/711
f 323/128/707 324/129/707 869/129/707 868/128/707
f 324/129/707 325/130/707 870/130/707 869/129/707
f 325/130/707 291/58/707 836/58/707 870/130/707
f 429/16/710 424/15/710 969/15/710 974/16/710
f 430/17/710 429/16/710 974/16/710 975/17/710
f 431/18/712 430/17/710 975/17/710 976/18/712
f 423/19/712 431/18/712 976/18/712 968/19/712
f 441/59/709 427/58/709 972/58/709 986/59/709
f 442/60/709 441/59/709 986/59/709 987/60/709
f 443/61/709 442/60/709 987/60/709 988/61/709
f 444/93/710 411/92/710 956/92/710 989/93/710
f 445/94/710 444/93/710 989/93/710 990/94/710
f 446/95/710 445/94/710 990/94/710 991/95/710
f 424/15/710 446/95/710 991/95/710 969/15/710
f 459/128/709 423/19/712 968/19/712 1004/128/709
f 460/129/709 459/128/709 1004/128/709 1005/129/709
f 461/130/709 460/129/709 1005/129/709 1006/130/709
f 427/58/709 461/130/709 1006/130/709 972/58/709
f 307/61/707 261/156/707 806/156/707 852/61/707
f 274/156/709 443/61/709 988/61/709 819/156/709
