# Blender 5.1.1
# www.blender.org
mtllib gate2.mtl
o Plane
v -0.301730 0.001725 0.301730
v 0.301730 0.001725 0.301730
v -0.301730 0.001725 -0.301730
v 0.301730 0.001725 -0.301730
v -0.294201 0.001725 -0.294201
v -0.294201 0.001725 0.294201
v 0.294201 0.001725 0.294201
v 0.294201 0.001725 -0.294201
v -0.301730 0.008626 0.301730
v 0.301730 0.008626 0.301730
v -0.301730 0.008626 -0.301730
v 0.301730 0.008626 -0.301730
v -0.294201 0.008626 -0.294201
v -0.294201 0.008626 0.294201
v 0.294201 0.008626 0.294201
v 0.294201 0.008626 -0.294201
v 0.189129 0.001725 -0.315215
v 0.063043 0.001725 -0.315215
v -0.063043 0.001725 -0.315215
v -0.189129 0.001725 -0.315215
v 0.193969 0.001725 -0.323282
v 0.064656 0.001725 -0.323282
v -0.064656 0.001725 -0.323282
v -0.193969 0.001725 -0.323282
v 0.189129 0.008626 -0.315215
v 0.063043 0.008626 -0.315215
v -0.063043 0.008626 -0.315215
v -0.189129 0.008626 -0.315215
v 0.193969 0.008626 -0.323282
v 0.064656 0.008626 -0.323282
v -0.064656 0.008626 -0.323282
v -0.193969 0.008626 -0.323282
v 0.315215 0.001725 0.189129
v 0.315215 0.001725 0.063043
v 0.315215 0.001725 -0.063043
v 0.315215 0.001725 -0.189129
v 0.323282 0.001725 0.193969
v 0.323282 0.001725 0.064656
v 0.323282 0.001725 -0.064656
v 0.323282 0.001725 -0.193969
v 0.315215 0.008626 0.189129
v 0.315215 0.008626 0.063043
v 0.315215 0.008626 -0.063043
v 0.315215 0.008626 -0.189129
v 0.323282 0.008626 0.193969
v 0.323282 0.008626 0.064656
v 0.323282 0.008626 -0.064656
v 0.323282 0.008626 -0.193969
v -0.189129 0.001725 0.315215
v -0.063043 0.001725 0.315215
v 0.063043 0.001725 0.315215
v 0.189129 0.001725 0.315215
v -0.193969 0.001725 0.323282
v -0.064656 0.001725 0.323282
v 0.064656 0.001725 0.323282
v 0.193969 0.001725 0.323282
v -0.189129 0.008626 0.315215
v -0.063043 0.008626 0.315215
v 0.063043 0.008626 0.315215
v 0.189129 0.008626 0.315215
v -0.193969 0.008626 0.323282
v -0.064656 0.008626 0.323282
v 0.064656 0.008626 0.323282
v 0.193969 0.008626 0.323282
v -0.315215 0.001725 -0.189129
v -0.315215 0.001725 -0.063043
v -0.315215 0.001725 0.063043
v -0.315215 0.001725 0.189129
v -0.323282 0.001725 -0.193969
v -0.323282 0.001725 -0.064656
v -0.323282 0.001725 0.064656
v -0.323282 0.001725 0.193969
v -0.315215 0.008626 -0.189129
v -0.315215 0.008626 -0.063043
v -0.315215 0.008626 0.063043
v -0.315215 0.008626 0.189129
v -0.323282 0.008626 -0.193969
v -0.323282 0.008626 -0.064656
v -0.323282 0.008626 0.064656
v -0.323282 0.008626 0.193969
v -0.314887 0.001725 0.220322
v -0.312588 0.001725 0.249545
v -0.306350 0.001725 0.274828
v 0.220322 0.001725 0.314887
v 0.249545 0.001725 0.312588
v 0.274828 0.001725 0.306350
v 0.314887 0.001725 -0.220322
v 0.312588 0.001725 -0.249545
v 0.306350 0.001725 -0.274828
v -0.220322 0.001725 -0.314887
v -0.249545 0.001725 -0.312588
v -0.274828 0.001725 -0.306350
v -0.322945 0.001725 0.225961
v -0.320588 0.001725 0.255932
v -0.314190 0.001725 0.281862
v 0.225961 0.001725 0.322945
v 0.255932 0.001725 0.320588
v 0.281862 0.001725 0.314190
v 0.322945 0.001725 -0.225961
v 0.320588 0.001725 -0.255932
v 0.314190 0.001725 -0.281862
v -0.225961 0.001725 -0.322945
v -0.255932 0.001725 -0.320588
v -0.281862 0.001725 -0.314190
v -0.300024 0.000755 0.300024
v -0.297965 0.000431 0.297965
v -0.295907 0.000755 0.295906
v -0.295906 0.000755 -0.295907
v -0.297965 0.000431 -0.297965
v -0.300024 0.000755 -0.300024
v 0.300024 0.000755 0.300024
v 0.297965 0.000431 0.297965
v 0.295906 0.000755 0.295907
v 0.300024 0.000755 -0.300024
v 0.297965 0.000431 -0.297965
v 0.295907 0.000755 -0.295906
v -0.314887 0.008626 0.220322
v -0.312588 0.008626 0.249545
v -0.306350 0.008626 0.274828
v 0.220322 0.008626 0.314887
v 0.249545 0.008626 0.312588
v 0.274828 0.008626 0.306350
v 0.314887 0.008626 -0.220322
v 0.312588 0.008626 -0.249545
v 0.306350 0.008626 -0.274828
v -0.220322 0.008626 -0.314887
v -0.249545 0.008626 -0.312588
v -0.274828 0.008626 -0.306350
v -0.322945 0.008626 0.225961
v -0.320588 0.008626 0.255932
v -0.314190 0.008626 0.281862
v 0.225961 0.008626 0.322945
v 0.255932 0.008626 0.320588
v 0.281862 0.008626 0.314190
v 0.322945 0.008626 -0.225961
v 0.320588 0.008626 -0.255932
v 0.314190 0.008626 -0.281862
v -0.225961 0.008626 -0.322945
v -0.255932 0.008626 -0.320588
v -0.281862 0.008626 -0.314190
v -0.300024 0.009596 0.300024
v -0.297965 0.009920 0.297965
v -0.295907 0.009596 0.295907
v -0.295907 0.009596 -0.295907
v -0.297965 0.009920 -0.297965
v -0.300024 0.009596 -0.300024
v 0.300024 0.009596 0.300024
v 0.297965 0.009920 0.297965
v 0.295907 0.009596 0.295907
v 0.300024 0.009596 -0.300024
v 0.297965 0.009920 -0.297965
v 0.295907 0.009596 -0.295907
v 0.302789 0.003289 -0.302789
v 0.303142 0.005176 -0.303142
v 0.302789 0.007063 -0.302789
v 0.302789 0.007063 0.302789
v 0.303142 0.005176 0.303142
v 0.302789 0.003289 0.302789
v -0.302789 0.003289 0.302789
v -0.303142 0.005176 0.303142
v -0.302789 0.007063 0.302789
v -0.302789 0.007063 -0.302789
v -0.303142 0.005176 -0.303142
v -0.302789 0.003289 -0.302789
v 0.293142 0.003289 0.293142
v 0.292789 0.005176 0.292789
v 0.293142 0.007063 0.293142
v 0.293142 0.007063 -0.293142
v 0.292789 0.005176 -0.292789
v 0.293142 0.003289 -0.293142
v -0.293142 0.003289 -0.293142
v -0.292789 0.005176 -0.292789
v -0.293142 0.007063 -0.293142
v -0.293142 0.007063 0.293142
v -0.292789 0.005176 0.292789
v -0.293142 0.003289 0.293142
v 0.274828 0.001725 -0.306350
v 0.249545 0.001725 -0.312588
v 0.220322 0.001725 -0.314887
v 0.157607 0.001725 -0.315215
v 0.126086 0.001725 -0.315215
v 0.094564 0.001725 -0.315215
v 0.031521 0.001725 -0.315215
v -0.000000 0.001725 -0.315215
v -0.031522 0.001725 -0.315215
v -0.094564 0.001725 -0.315215
v -0.126086 0.001725 -0.315215
v -0.157607 0.001725 -0.315215
v 0.281862 0.001725 -0.314190
v 0.255932 0.001725 -0.320588
v 0.225961 0.001725 -0.322945
v 0.161641 0.001725 -0.323282
v 0.129313 0.001725 -0.323282
v 0.096985 0.001725 -0.323282
v 0.032328 0.001725 -0.323282
v -0.000000 0.001725 -0.323282
v -0.032328 0.001725 -0.323282
v -0.096985 0.001725 -0.323282
v -0.129313 0.001725 -0.323282
v -0.161641 0.001725 -0.323282
v 0.274828 0.008626 -0.306350
v 0.249545 0.008626 -0.312588
v 0.220322 0.008626 -0.314887
v 0.157607 0.008626 -0.315215
v 0.126086 0.008626 -0.315215
v 0.094564 0.008626 -0.315215
v 0.031521 0.008626 -0.315215
v -0.000000 0.008626 -0.315215
v -0.031522 0.008626 -0.315215
v -0.094565 0.008626 -0.315215
v -0.126086 0.008626 -0.315215
v -0.157607 0.008626 -0.315215
v 0.281862 0.008626 -0.314190
v 0.255932 0.008626 -0.320588
v 0.225961 0.008626 -0.322945
v 0.161641 0.008626 -0.323282
v 0.129313 0.008626 -0.323282
v 0.096985 0.008626 -0.323282
v 0.032328 0.008626 -0.323282
v -0.000000 0.008626 -0.323282
v -0.032328 0.008626 -0.323282
v -0.096985 0.008626 -0.323282
v -0.129313 0.008626 -0.323282
v -0.161641 0.008626 -0.323282
v -0.188448 0.003289 -0.314081
v -0.188221 0.005176 -0.313702
v -0.188448 0.007063 -0.314081
v -0.062816 0.003289 -0.314081
v -0.062740 0.005176 -0.313702
v -0.062816 0.007063 -0.314081
v 0.062816 0.003289 -0.314081
v 0.062740 0.005176 -0.313702
v 0.062816 0.007063 -0.314081
v 0.188448 0.003289 -0.314081
v 0.188221 0.005176 -0.313702
v 0.188448 0.007063 -0.314081
v 0.194650 0.003289 -0.324416
v 0.194877 0.005176 -0.324795
v 0.194650 0.007063 -0.324417
v 0.064883 0.003289 -0.324416
v 0.064959 0.005176 -0.324795
v 0.064883 0.007063 -0.324417
v -0.064883 0.003289 -0.324416
v -0.064959 0.005176 -0.324795
v -0.064883 0.007063 -0.324417
v -0.194650 0.003289 -0.324416
v -0.194877 0.005176 -0.324795
v -0.194650 0.007063 -0.324417
v -0.190226 0.009596 -0.317043
v -0.191549 0.009920 -0.319249
v -0.192873 0.009596 -0.321454
v -0.063409 0.009596 -0.317043
v -0.063850 0.009920 -0.319249
v -0.064291 0.009596 -0.321454
v 0.063409 0.009596 -0.317043
v 0.063850 0.009920 -0.319249
v 0.064291 0.009596 -0.321454
v 0.190226 0.009596 -0.317043
v 0.191549 0.009920 -0.319249
v 0.192873 0.009596 -0.321454
v -0.192873 0.000755 -0.321454
v -0.191549 0.000431 -0.319249
v -0.190226 0.000755 -0.317043
v -0.064291 0.000755 -0.321454
v -0.063850 0.000431 -0.319249
v -0.063409 0.000755 -0.317043
v 0.064291 0.000755 -0.321454
v 0.063850 0.000431 -0.319249
v 0.063409 0.000755 -0.317043
v 0.192873 0.000755 -0.321454
v 0.191549 0.000431 -0.319249
v 0.190226 0.000755 -0.317043
v 0.306350 0.001725 0.274828
v 0.312588 0.001725 0.249545
v 0.314887 0.001725 0.220322
v 0.315215 0.001725 0.157607
v 0.315215 0.001725 0.126086
v 0.315215 0.001725 0.094564
v 0.315215 0.001725 0.031521
v 0.315215 0.001725 -0.000000
v 0.315215 0.001725 -0.031522
v 0.315215 0.001725 -0.094565
v 0.315215 0.001725 -0.126086
v 0.315215 0.001725 -0.157607
v 0.314190 0.001725 0.281862
v 0.320588 0.001725 0.255932
v 0.322945 0.001725 0.225961
v 0.323282 0.001725 0.161641
v 0.323282 0.001725 0.129313
v 0.323282 0.001725 0.096985
v 0.323282 0.001725 0.032328
v 0.323282 0.001725 -0.000000
v 0.323282 0.001725 -0.032328
v 0.323282 0.001725 -0.096985
v 0.323282 0.001725 -0.129313
v 0.323282 0.001725 -0.161641
v 0.306350 0.008626 0.274828
v 0.312588 0.008626 0.249545
v 0.314887 0.008626 0.220322
v 0.315215 0.008626 0.157607
v 0.315215 0.008626 0.126086
v 0.315215 0.008626 0.094564
v 0.315215 0.008626 0.031521
v 0.315215 0.008626 -0.000000
v 0.315215 0.008626 -0.031522
v 0.315215 0.008626 -0.094565
v 0.315215 0.008626 -0.126086
v 0.315215 0.008626 -0.157607
v 0.314190 0.008626 0.281862
v 0.320588 0.008626 0.255932
v 0.322945 0.008626 0.225961
v 0.323282 0.008626 0.161641
v 0.323282 0.008626 0.129313
v 0.323282 0.008626 0.096985
v 0.323282 0.008626 0.032328
v 0.323282 0.008626 -0.000000
v 0.323282 0.008626 -0.032328
v 0.323282 0.008626 -0.096985
v 0.323282 0.008626 -0.129313
v 0.323282 0.008626 -0.161641
v 0.314081 0.003289 -0.188448
v 0.313702 0.005176 -0.188221
v 0.314081 0.007063 -0.188448
v 0.314081 0.003289 -0.062816
v 0.313702 0.005176 -0.062740
v 0.314081 0.007063 -0.062816
v 0.314081 0.003289 0.062816
v 0.313702 0.005176 0.062740
v 0.314081 0.007063 0.062816
v 0.314081 0.003289 0.188448
v 0.313702 0.005176 0.188221
v 0.314081 0.007063 0.188448
v 0.324416 0.003289 0.194650
v 0.324795 0.005176 0.194877
v 0.324417 0.007063 0.194650
v 0.324416 0.003289 0.064883
v 0.324795 0.005176 0.064959
v 0.324417 0.007063 0.064883
v 0.324416 0.003289 -0.064883
v 0.324795 0.005176 -0.064959
v 0.324417 0.007063 -0.064883
v 0.324416 0.003289 -0.194650
v 0.324795 0.005176 -0.194877
v 0.324417 0.007063 -0.194650
v 0.317043 0.009596 -0.190226
v 0.319249 0.009920 -0.191549
v 0.321454 0.009596 -0.192873
v 0.317043 0.009596 -0.063409
v 0.319249 0.009920 -0.063850
v 0.321454 0.009596 -0.064291
v 0.317043 0.009596 0.063409
v 0.319249 0.009920 0.063850
v 0.321454 0.009596 0.064291
v 0.317043 0.009596 0.190226
v 0.319249 0.009920 0.191549
v 0.321454 0.009596 0.192873
v 0.321454 0.000755 -0.192873
v 0.319249 0.000431 -0.191549
v 0.317043 0.000755 -0.190226
v 0.321454 0.000755 -0.064291
v 0.319249 0.000431 -0.063850
v 0.317043 0.000755 -0.063409
v 0.321454 0.000755 0.064291
v 0.319249 0.000431 0.063850
v 0.317043 0.000755 0.063409
v 0.321454 0.000755 0.192873
v 0.319249 0.000431 0.191549
v 0.317043 0.000755 0.190226
v -0.274828 0.001725 0.306350
v -0.249545 0.001725 0.312588
v -0.220322 0.001725 0.314887
v -0.157607 0.001725 0.315215
v -0.126086 0.001725 0.315215
v -0.094564 0.001725 0.315215
v -0.031521 0.001725 0.315215
v 0.000000 0.001725 0.315215
v 0.031522 0.001725 0.315215
v 0.094564 0.001725 0.315215
v 0.126086 0.001725 0.315215
v 0.157607 0.001725 0.315215
v -0.281862 0.001725 0.314190
v -0.255932 0.001725 0.320588
v -0.225961 0.001725 0.322945
v -0.161641 0.001725 0.323282
v -0.129313 0.001725 0.323282
v -0.096985 0.001725 0.323282
v -0.032328 0.001725 0.323282
v 0.000000 0.001725 0.323282
v 0.032328 0.001725 0.323282
v 0.096985 0.001725 0.323282
v 0.129313 0.001725 0.323282
v 0.161641 0.001725 0.323282
v -0.274828 0.008626 0.306350
v -0.249545 0.008626 0.312588
v -0.220322 0.008626 0.314887
v -0.157607 0.008626 0.315215
v -0.126086 0.008626 0.315215
v -0.094564 0.008626 0.315215
v -0.031521 0.008626 0.315215
v 0.000000 0.008626 0.315215
v 0.031522 0.008626 0.315215
v 0.094565 0.008626 0.315215
v 0.126086 0.008626 0.315215
v 0.157607 0.008626 0.315215
v -0.281862 0.008626 0.314190
v -0.255932 0.008626 0.320588
v -0.225961 0.008626 0.322945
v -0.161641 0.008626 0.323282
v -0.129313 0.008626 0.323282
v -0.096985 0.008626 0.323282
v -0.032328 0.008626 0.323282
v 0.000000 0.008626 0.323282
v 0.032328 0.008626 0.323282
v 0.096985 0.008626 0.323282
v 0.129313 0.008626 0.323282
v 0.161641 0.008626 0.323282
v 0.188448 0.003289 0.314081
v 0.188221 0.005176 0.313702
v 0.188448 0.007063 0.314081
v 0.062816 0.003289 0.314081
v 0.062740 0.005176 0.313702
v 0.062816 0.007063 0.314081
v -0.062816 0.003289 0.314081
v -0.062740 0.005176 0.313702
v -0.062816 0.007063 0.314081
v -0.188448 0.003289 0.314081
v -0.188221 0.005176 0.313702
v -0.188448 0.007063 0.314081
v -0.194650 0.003289 0.324416
v -0.194877 0.005176 0.324795
v -0.194650 0.007063 0.324417
v -0.064883 0.003289 0.324416
v -0.064959 0.005176 0.324795
v -0.064883 0.007063 0.324417
v 0.064883 0.003289 0.324416
v 0.064959 0.005176 0.324795
v 0.064883 0.007063 0.324417
v 0.194650 0.003289 0.324416
v 0.194877 0.005176 0.324795
v 0.194650 0.007063 0.324417
v 0.190226 0.009596 0.317043
v 0.191549 0.009920 0.319249
v 0.192873 0.009596 0.321454
v 0.063409 0.009596 0.317043
v 0.063850 0.009920 0.319249
v 0.064291 0.009596 0.321454
v -0.063409 0.009596 0.317043
v -0.063850 0.009920 0.319249
v -0.064291 0.009596 0.321454
v -0.190226 0.009596 0.317043
v -0.191549 0.009920 0.319249
v -0.192873 0.009596 0.321454
v 0.192873 0.000755 0.321454
v 0.191549 0.000431 0.319249
v 0.190226 0.000755 0.317043
v 0.064291 0.000755 0.321454
v 0.063850 0.000431 0.319249
v 0.063409 0.000755 0.317043
v -0.064291 0.000755 0.321454
v -0.063850 0.000431 0.319249
v -0.063409 0.000755 0.317043
v -0.192873 0.000755 0.321454
v -0.191549 0.000431 0.319249
v -0.190226 0.000755 0.317043
v -0.306350 0.001725 -0.274828
v -0.312588 0.001725 -0.249545
v -0.314887 0.001725 -0.220322
v -0.315215 0.001725 -0.157607
v -0.315215 0.001725 -0.126086
v -0.315215 0.001725 -0.094564
v -0.315215 0.001725 -0.031521
v -0.315215 0.001725 0.000000
v -0.315215 0.001725 0.031522
v -0.315215 0.001725 0.094564
v -0.315215 0.001725 0.126086
v -0.315215 0.001725 0.157607
v -0.314190 0.001725 -0.281862
v -0.320588 0.001725 -0.255932
v -0.322945 0.001725 -0.225961
v -0.323282 0.001725 -0.161641
v -0.323282 0.001725 -0.129313
v -0.323282 0.001725 -0.096985
v -0.323282 0.001725 -0.032328
v -0.323282 0.001725 0.000000
v -0.323282 0.001725 0.032328
v -0.323282 0.001725 0.096985
v -0.323282 0.001725 0.129313
v -0.323282 0.001725 0.161641
v -0.306350 0.008626 -0.274828
v -0.312588 0.008626 -0.249545
v -0.314887 0.008626 -0.220322
v -0.315215 0.008626 -0.157607
v -0.315215 0.008626 -0.126086
v -0.315215 0.008626 -0.094564
v -0.315215 0.008626 -0.031521
v -0.315215 0.008626 0.000000
v -0.315215 0.008626 0.031522
v -0.315215 0.008626 0.094565
v -0.315215 0.008626 0.126086
v -0.315215 0.008626 0.157607
v -0.314190 0.008626 -0.281862
v -0.320588 0.008626 -0.255932
v -0.322945 0.008626 -0.225961
v -0.323282 0.008626 -0.161641
v -0.323282 0.008626 -0.129313
v -0.323282 0.008626 -0.096985
v -0.323282 0.008626 -0.032328
v -0.323282 0.008626 0.000000
v -0.323282 0.008626 0.032328
v -0.323282 0.008626 0.096985
v -0.323282 0.008626 0.129313
v -0.323282 0.008626 0.161641
v -0.314081 0.003289 0.188448
v -0.313702 0.005176 0.188221
v -0.314081 0.007063 0.188448
v -0.314081 0.003289 0.062816
v -0.313702 0.005176 0.062740
v -0.314081 0.007063 0.062816
v -0.314081 0.003289 -0.062816
v -0.313702 0.005176 -0.062740
v -0.314081 0.007063 -0.062816
v -0.314081 0.003289 -0.188448
v -0.313702 0.005176 -0.188221
v -0.314081 0.007063 -0.188448
v -0.324416 0.003289 -0.194650
v -0.324795 0.005176 -0.194877
v -0.324417 0.007063 -0.194650
v -0.324416 0.003289 -0.064883
v -0.324795 0.005176 -0.064959
v -0.324417 0.007063 -0.064883
v -0.324416 0.003289 0.064883
v -0.324795 0.005176 0.064959
v -0.324417 0.007063 0.064883
v -0.324416 0.003289 0.194650
v -0.324795 0.005176 0.194877
v -0.324417 0.007063 0.194650
v -0.321454 0.000755 0.192873
v -0.319249 0.000431 0.191549
v -0.317043 0.000755 0.190226
v -0.321454 0.000755 0.064291
v -0.319249 0.000431 0.063850
v -0.317043 0.000755 0.063409
v -0.321454 0.000755 -0.064291
v -0.319249 0.000431 -0.063850
v -0.317043 0.000755 -0.063409
v -0.321454 0.000755 -0.192873
v -0.319249 0.000431 -0.191549
v -0.317043 0.000755 -0.190226
v -0.317043 0.009596 0.190226
v -0.319249 0.009920 0.191549
v -0.321454 0.009596 0.192873
v -0.317043 0.009596 0.063409
v -0.319249 0.009920 0.063850
v -0.321454 0.009596 0.064291
v -0.317043 0.009596 -0.063409
v -0.319249 0.009920 -0.063850
v -0.321454 0.009596 -0.064291
v -0.317043 0.009596 -0.190226
v -0.319249 0.009920 -0.191549
v -0.321454 0.009596 -0.192873
v -0.316712 0.009596 -0.221600
v -0.314401 0.009596 -0.250992
v -0.308126 0.009596 -0.276422
v -0.318916 0.009920 -0.223141
v -0.316588 0.009920 -0.252738
v -0.310270 0.009920 -0.278345
v -0.321120 0.009596 -0.224683
v -0.318776 0.009596 -0.254485
v -0.312413 0.009596 -0.280268
v -0.316712 0.000755 -0.221600
v -0.318916 0.000431 -0.223141
v -0.321120 0.000755 -0.224683
v -0.314401 0.000755 -0.250992
v -0.316588 0.000431 -0.252738
v -0.318776 0.000755 -0.254485
v -0.308126 0.000755 -0.276422
v -0.310270 0.000431 -0.278345
v -0.312414 0.000755 -0.280268
v -0.221600 0.000755 0.316712
v -0.223141 0.000431 0.318916
v -0.224683 0.000755 0.321120
v -0.250992 0.000755 0.314401
v -0.252738 0.000431 0.316588
v -0.254485 0.000755 0.318776
v -0.276422 0.000755 0.308126
v -0.278345 0.000431 0.310270
v -0.280268 0.000755 0.312414
v 0.316712 0.000755 0.221600
v 0.318916 0.000431 0.223141
v 0.321120 0.000755 0.224683
v 0.314401 0.000755 0.250992
v 0.316588 0.000431 0.252738
v 0.318776 0.000755 0.254485
v 0.308126 0.000755 0.276422
v 0.310270 0.000431 0.278345
v 0.312414 0.000755 0.280268
v 0.221600 0.000755 -0.316712
v 0.223141 0.000431 -0.318916
v 0.224683 0.000755 -0.321120
v 0.250992 0.000755 -0.314401
v 0.252738 0.000431 -0.316588
v 0.254485 0.000755 -0.318776
v 0.276422 0.000755 -0.308126
v 0.278345 0.000431 -0.310270
v 0.280268 0.000755 -0.312414
v -0.221600 0.009596 0.316712
v -0.250992 0.009596 0.314401
v -0.276422 0.009596 0.308126
v -0.223141 0.009920 0.318916
v -0.252738 0.009920 0.316588
v -0.278345 0.009920 0.310270
v -0.224683 0.009596 0.321120
v -0.254485 0.009596 0.318776
v -0.280268 0.009596 0.312413
v 0.316712 0.009596 0.221600
v 0.314401 0.009596 0.250992
v 0.308126 0.009596 0.276422
v 0.318916 0.009920 0.223141
v 0.316588 0.009920 0.252738
v 0.310270 0.009920 0.278345
v 0.321120 0.009596 0.224683
v 0.318776 0.009596 0.254485
v 0.312413 0.009596 0.280268
v 0.221600 0.009596 -0.316712
v 0.250992 0.009596 -0.314401
v 0.276422 0.009596 -0.308126
v 0.223141 0.009920 -0.318916
v 0.252738 0.009920 -0.316588
v 0.278345 0.009920 -0.310270
v 0.224683 0.009596 -0.321120
v 0.254485 0.009596 -0.318776
v 0.280268 0.009596 -0.312413
v 0.324079 0.003289 -0.226754
v 0.321713 0.003289 -0.256830
v 0.315292 0.003289 -0.282851
v 0.324456 0.005176 -0.227018
v 0.322088 0.005176 -0.257129
v 0.315660 0.005176 -0.283180
v 0.324079 0.007063 -0.226754
v 0.321713 0.007063 -0.256830
v 0.315292 0.007063 -0.282851
v -0.324079 0.003289 0.226754
v -0.321713 0.003289 0.256830
v -0.315292 0.003289 0.282851
v -0.324456 0.005176 0.227018
v -0.322088 0.005176 0.257129
v -0.315660 0.005176 0.283180
v -0.324079 0.007063 0.226754
v -0.321713 0.007063 0.256830
v -0.315292 0.007063 0.282851
v 0.313753 0.003289 0.219529
v 0.311463 0.003289 0.248647
v 0.305247 0.003289 0.273839
v 0.313376 0.005176 0.219265
v 0.311088 0.005176 0.248348
v 0.304880 0.005176 0.273509
v 0.313753 0.007063 0.219529
v 0.311463 0.007063 0.248647
v 0.305247 0.007063 0.273839
v -0.313753 0.003289 -0.219529
v -0.311463 0.003289 -0.248647
v -0.305247 0.003289 -0.273839
v -0.313376 0.005176 -0.219265
v -0.311088 0.005176 -0.248348
v -0.304880 0.005176 -0.273509
v -0.313753 0.007063 -0.219529
v -0.311463 0.007063 -0.248647
v -0.305247 0.007063 -0.273839
v -0.226754 0.003289 -0.324079
v -0.256830 0.003289 -0.321713
v -0.282851 0.003289 -0.315292
v -0.227018 0.005176 -0.324456
v -0.257129 0.005176 -0.322088
v -0.283180 0.005176 -0.315660
v -0.226754 0.007063 -0.324079
v -0.256830 0.007063 -0.321713
v -0.282851 0.007063 -0.315292
v 0.226754 0.003289 0.324079
v 0.256830 0.003289 0.321713
v 0.282851 0.003289 0.315292
v 0.227018 0.005176 0.324456
v 0.257129 0.005176 0.322088
v 0.283180 0.005176 0.315660
v 0.226754 0.007063 0.324079
v 0.256830 0.007063 0.321713
v 0.282851 0.007063 0.315292
v 0.219529 0.003289 -0.313753
v 0.248647 0.003289 -0.311463
v 0.273839 0.003289 -0.305247
v 0.219265 0.005176 -0.313376
v 0.248348 0.005176 -0.311088
v 0.273509 0.005176 -0.304880
v 0.219529 0.007063 -0.313753
v 0.248647 0.007063 -0.311463
v 0.273839 0.007063 -0.305247
v -0.219529 0.003289 0.313753
v -0.248647 0.003289 0.311463
v -0.273839 0.003289 0.305247
v -0.219265 0.005176 0.313376
v -0.248348 0.005176 0.311088
v -0.273509 0.005176 0.304880
v -0.219529 0.007063 0.313753
v -0.248647 0.007063 0.311463
v -0.273839 0.007063 0.305247
v -0.273839 0.003289 -0.305247
v -0.248647 0.003289 -0.311463
v -0.219529 0.003289 -0.313753
v -0.273509 0.005176 -0.304880
v -0.248348 0.005176 -0.311088
v -0.219265 0.005176 -0.313376
v -0.273839 0.007063 -0.305247
v -0.248647 0.007063 -0.311463
v -0.219529 0.007063 -0.313753
v -0.157040 0.003289 -0.314081
v -0.125632 0.003289 -0.314081
v -0.094224 0.003289 -0.314081
v -0.156851 0.005176 -0.313702
v -0.125481 0.005176 -0.313702
v -0.094111 0.005176 -0.313702
v -0.157040 0.007063 -0.314081
v -0.125632 0.007063 -0.314081
v -0.094224 0.007063 -0.314081
v -0.031408 0.003289 -0.314081
v -0.000000 0.003289 -0.314081
v 0.031408 0.003289 -0.314081
v -0.031370 0.005176 -0.313702
v -0.000000 0.005176 -0.313702
v 0.031370 0.005176 -0.313702
v -0.031408 0.007063 -0.314081
v -0.000000 0.007063 -0.314081
v 0.031408 0.007063 -0.314081
v 0.094224 0.003289 -0.314081
v 0.125632 0.003289 -0.314081
v 0.157040 0.003289 -0.314081
v 0.094111 0.005176 -0.313702
v 0.125481 0.005176 -0.313702
v 0.156851 0.005176 -0.313702
v 0.094224 0.007063 -0.314081
v 0.125632 0.007063 -0.314081
v 0.157040 0.007063 -0.314081
v 0.282851 0.003289 -0.315292
v 0.256830 0.003289 -0.321713
v 0.226754 0.003289 -0.324079
v 0.283180 0.005176 -0.315660
v 0.257129 0.005176 -0.322088
v 0.227018 0.005176 -0.324456
v 0.282851 0.007063 -0.315292
v 0.256830 0.007063 -0.321713
v 0.226754 0.007063 -0.324079
v 0.162208 0.003289 -0.324417
v 0.129767 0.003289 -0.324417
v 0.097325 0.003289 -0.324417
v 0.162397 0.005176 -0.324795
v 0.129918 0.005176 -0.324795
v 0.097438 0.005176 -0.324795
v 0.162208 0.007063 -0.324417
v 0.129767 0.007063 -0.324417
v 0.097325 0.007063 -0.324417
v 0.032442 0.003289 -0.324417
v -0.000000 0.003289 -0.324417
v -0.032442 0.003289 -0.324417
v 0.032479 0.005176 -0.324795
v -0.000000 0.005176 -0.324795
v -0.032479 0.005176 -0.324795
v 0.032442 0.007063 -0.324417
v -0.000000 0.007063 -0.324417
v -0.032442 0.007063 -0.324417
v -0.097325 0.003289 -0.324417
v -0.129767 0.003289 -0.324417
v -0.162208 0.003289 -0.324417
v -0.097438 0.005176 -0.324795
v -0.129918 0.005176 -0.324795
v -0.162397 0.005176 -0.324795
v -0.097325 0.007063 -0.324417
v -0.129767 0.007063 -0.324417
v -0.162208 0.007063 -0.324417
v -0.276422 0.009596 -0.308126
v -0.250992 0.009596 -0.314401
v -0.221600 0.009596 -0.316712
v -0.278345 0.009920 -0.310270
v -0.252738 0.009920 -0.316588
v -0.223141 0.009920 -0.318916
v -0.280268 0.009596 -0.312413
v -0.254485 0.009596 -0.318776
v -0.224683 0.009596 -0.321120
v -0.158521 0.009596 -0.317043
v -0.126817 0.009596 -0.317043
v -0.095113 0.009596 -0.317043
v -0.159624 0.009920 -0.319249
v -0.127699 0.009920 -0.319249
v -0.095775 0.009920 -0.319249
v -0.160727 0.009596 -0.321454
v -0.128582 0.009596 -0.321454
v -0.096436 0.009596 -0.321454
v -0.031704 0.009596 -0.317043
v -0.000000 0.009596 -0.317043
v 0.031704 0.009596 -0.317043
v -0.031925 0.009920 -0.319249
v -0.000000 0.009920 -0.319249
v 0.031925 0.009920 -0.319249
v -0.032145 0.009596 -0.321454
v -0.000000 0.009596 -0.321454
v 0.032145 0.009596 -0.321454
v 0.095113 0.009596 -0.317043
v 0.126817 0.009596 -0.317043
v 0.158521 0.009596 -0.317043
v 0.095775 0.009920 -0.319249
v 0.127699 0.009920 -0.319249
v 0.159624 0.009920 -0.319249
v 0.096436 0.009596 -0.321454
v 0.128582 0.009596 -0.321454
v 0.160727 0.009596 -0.321454
v -0.276422 0.000755 -0.308126
v -0.278345 0.000431 -0.310270
v -0.280268 0.000755 -0.312413
v -0.250992 0.000755 -0.314401
v -0.252738 0.000431 -0.316588
v -0.254485 0.000755 -0.318776
v -0.221600 0.000755 -0.316712
v -0.223141 0.000431 -0.318916
v -0.224683 0.000755 -0.321120
v -0.158521 0.000755 -0.317043
v -0.159624 0.000431 -0.319249
v -0.160727 0.000755 -0.321454
v -0.126817 0.000755 -0.317043
v -0.127699 0.000431 -0.319249
v -0.128582 0.000755 -0.321454
v -0.095113 0.000755 -0.317043
v -0.095775 0.000431 -0.319249
v -0.096436 0.000755 -0.321454
v -0.031704 0.000755 -0.317043
v -0.031925 0.000431 -0.319249
v -0.032145 0.000755 -0.321454
v -0.000000 0.000755 -0.317043
v -0.000000 0.000431 -0.319249
v -0.000000 0.000755 -0.321454
v 0.031704 0.000755 -0.317043
v 0.031925 0.000431 -0.319249
v 0.032145 0.000755 -0.321454
v 0.095113 0.000755 -0.317043
v 0.095775 0.000431 -0.319249
v 0.096436 0.000755 -0.321454
v 0.126817 0.000755 -0.317043
v 0.127699 0.000431 -0.319249
v 0.128582 0.000755 -0.321454
v 0.158521 0.000755 -0.317043
v 0.159624 0.000431 -0.319249
v 0.160727 0.000755 -0.321454
v 0.305247 0.003289 -0.273839
v 0.311463 0.003289 -0.248647
v 0.313753 0.003289 -0.219529
v 0.304880 0.005176 -0.273509
v 0.311088 0.005176 -0.248348
v 0.313376 0.005176 -0.219265
v 0.305247 0.007063 -0.273839
v 0.311463 0.007063 -0.248647
v 0.313753 0.007063 -0.219529
v 0.314081 0.003289 -0.157040
v 0.314081 0.003289 -0.125632
v 0.314081 0.003289 -0.094224
v 0.313702 0.005176 -0.156851
v 0.313702 0.005176 -0.125481
v 0.313702 0.005176 -0.094111
v 0.314081 0.007063 -0.157040
v 0.314081 0.007063 -0.125632
v 0.314081 0.007063 -0.094224
v 0.314081 0.003289 -0.031408
v 0.314081 0.003289 -0.000000
v 0.314081 0.003289 0.031408
v 0.313702 0.005176 -0.031370
v 0.313702 0.005176 -0.000000
v 0.313702 0.005176 0.031370
v 0.314081 0.007063 -0.031408
v 0.314081 0.007063 -0.000000
v 0.314081 0.007063 0.031408
v 0.314081 0.003289 0.094224
v 0.314081 0.003289 0.125632
v 0.314081 0.003289 0.157040
v 0.313702 0.005176 0.094111
v 0.313702 0.005176 0.125481
v 0.313702 0.005176 0.156851
v 0.314081 0.007063 0.094224
v 0.314081 0.007063 0.125632
v 0.314081 0.007063 0.157040
v 0.315292 0.003289 0.282851
v 0.321713 0.003289 0.256830
v 0.324079 0.003289 0.226754
v 0.315660 0.005176 0.283180
v 0.322088 0.005176 0.257129
v 0.324456 0.005176 0.227018
v 0.315292 0.007063 0.282851
v 0.321713 0.007063 0.256830
v 0.324079 0.007063 0.226754
v 0.324417 0.003289 0.162208
v 0.324417 0.003289 0.129767
v 0.324417 0.003289 0.097325
v 0.324795 0.005176 0.162397
v 0.324795 0.005176 0.129918
v 0.324795 0.005176 0.097438
v 0.324417 0.007063 0.162208
v 0.324417 0.007063 0.129767
v 0.324417 0.007063 0.097325
v 0.324417 0.003289 0.032442
v 0.324417 0.003289 -0.000000
v 0.324417 0.003289 -0.032442
v 0.324795 0.005176 0.032479
v 0.324795 0.005176 -0.000000
v 0.324795 0.005176 -0.032479
v 0.324417 0.007063 0.032442
v 0.324417 0.007063 -0.000000
v 0.324417 0.007063 -0.032442
v 0.324417 0.003289 -0.097325
v 0.324417 0.003289 -0.129767
v 0.324417 0.003289 -0.162208
v 0.324795 0.005176 -0.097438
v 0.324795 0.005176 -0.129918
v 0.324795 0.005176 -0.162397
v 0.324417 0.007063 -0.097325
v 0.324417 0.007063 -0.129767
v 0.324417 0.007063 -0.162208
v 0.308126 0.009596 -0.276422
v 0.314401 0.009596 -0.250992
v 0.316712 0.009596 -0.221600
v 0.310270 0.009920 -0.278345
v 0.316588 0.009920 -0.252738
v 0.318916 0.009920 -0.223141
v 0.312413 0.009596 -0.280268
v 0.318776 0.009596 -0.254485
v 0.321120 0.009596 -0.224683
v 0.317043 0.009596 -0.158521
v 0.317043 0.009596 -0.126817
v 0.317043 0.009596 -0.095113
v 0.319249 0.009920 -0.159624
v 0.319249 0.009920 -0.127699
v 0.319248 0.009920 -0.095775
v 0.321454 0.009596 -0.160727
v 0.321454 0.009596 -0.128582
v 0.321454 0.009596 -0.096436
v 0.317043 0.009596 -0.031704
v 0.317043 0.009596 -0.000000
v 0.317043 0.009596 0.031704
v 0.319249 0.009920 -0.031925
v 0.319249 0.009920 -0.000000
v 0.319248 0.009920 0.031925
v 0.321454 0.009596 -0.032145
v 0.321454 0.009596 -0.000000
v 0.321454 0.009596 0.032145
v 0.317043 0.009596 0.095113
v 0.317043 0.009596 0.126817
v 0.317043 0.009596 0.158521
v 0.319249 0.009920 0.095775
v 0.319249 0.009920 0.127699
v 0.319249 0.009920 0.159624
v 0.321454 0.009596 0.096436
v 0.321454 0.009596 0.128582
v 0.321454 0.009596 0.160727
v 0.308126 0.000755 -0.276422
v 0.310270 0.000431 -0.278345
v 0.312413 0.000755 -0.280268
v 0.314401 0.000755 -0.250992
v 0.316588 0.000431 -0.252738
v 0.318776 0.000755 -0.254485
v 0.316712 0.000755 -0.221600
v 0.318916 0.000431 -0.223141
v 0.321120 0.000755 -0.224683
v 0.317043 0.000755 -0.158521
v 0.319249 0.000431 -0.159624
v 0.321454 0.000755 -0.160727
v 0.317043 0.000755 -0.126817
v 0.319249 0.000431 -0.127699
v 0.321454 0.000755 -0.128582
v 0.317043 0.000755 -0.095113
v 0.319249 0.000431 -0.095775
v 0.321454 0.000755 -0.096436
v 0.317043 0.000755 -0.031704
v 0.319249 0.000431 -0.031925
v 0.321454 0.000755 -0.032145
v 0.317043 0.000755 -0.000000
v 0.319249 0.000431 -0.000000
v 0.321454 0.000755 -0.000000
v 0.317043 0.000755 0.031704
v 0.319249 0.000431 0.031925
v 0.321454 0.000755 0.032145
v 0.317043 0.000755 0.095113
v 0.319249 0.000431 0.095775
v 0.321454 0.000755 0.096436
v 0.317043 0.000755 0.126817
v 0.319249 0.000431 0.127699
v 0.321454 0.000755 0.128582
v 0.317043 0.000755 0.158521
v 0.319249 0.000431 0.159624
v 0.321454 0.000755 0.160727
v 0.273839 0.003289 0.305247
v 0.248647 0.003289 0.311463
v 0.219529 0.003289 0.313753
v 0.273509 0.005176 0.304880
v 0.248348 0.005176 0.311088
v 0.219265 0.005176 0.313376
v 0.273839 0.007063 0.305247
v 0.248647 0.007063 0.311463
v 0.219529 0.007063 0.313753
v 0.157040 0.003289 0.314081
v 0.125632 0.003289 0.314081
v 0.094224 0.003289 0.314081
v 0.156851 0.005176 0.313702
v 0.125481 0.005176 0.313702
v 0.094111 0.005176 0.313702
v 0.157040 0.007063 0.314081
v 0.125632 0.007063 0.314081
v 0.094224 0.007063 0.314081
v 0.031408 0.003289 0.314081
v 0.000000 0.003289 0.314081
v -0.031408 0.003289 0.314081
v 0.031370 0.005176 0.313702
v 0.000000 0.005176 0.313702
v -0.031370 0.005176 0.313702
v 0.031408 0.007063 0.314081
v 0.000000 0.007063 0.314081
v -0.031408 0.007063 0.314081
v -0.094224 0.003289 0.314081
v -0.125632 0.003289 0.314081
v -0.157040 0.003289 0.314081
v -0.094111 0.005176 0.313702
v -0.125481 0.005176 0.313702
v -0.156851 0.005176 0.313702
v -0.094224 0.007063 0.314081
v -0.125632 0.007063 0.314081
v -0.157040 0.007063 0.314081
v -0.282851 0.003289 0.315292
v -0.256830 0.003289 0.321713
v -0.226754 0.003289 0.324079
v -0.283180 0.005176 0.315660
v -0.257129 0.005176 0.322088
v -0.227018 0.005176 0.324456
v -0.282851 0.007063 0.315292
v -0.256830 0.007063 0.321713
v -0.226754 0.007063 0.324079
v -0.162208 0.003289 0.324417
v -0.129767 0.003289 0.324417
v -0.097325 0.003289 0.324417
v -0.162397 0.005176 0.324795
v -0.129918 0.005176 0.324795
v -0.097438 0.005176 0.324795
v -0.162208 0.007063 0.324417
v -0.129767 0.007063 0.324417
v -0.097325 0.007063 0.324417
v -0.032442 0.003289 0.324417
v 0.000000 0.003289 0.324417
v 0.032442 0.003289 0.324417
v -0.032479 0.005176 0.324795
v 0.000000 0.005176 0.324795
v 0.032479 0.005176 0.324795
v -0.032442 0.007063 0.324417
v 0.000000 0.007063 0.324417
v 0.032442 0.007063 0.324417
v 0.097325 0.003289 0.324417
v 0.129767 0.003289 0.324417
v 0.162208 0.003289 0.324417
v 0.097438 0.005176 0.324795
v 0.129918 0.005176 0.324795
v 0.162397 0.005176 0.324795
v 0.097325 0.007063 0.324417
v 0.129767 0.007063 0.324417
v 0.162208 0.007063 0.324417
v 0.276422 0.009596 0.308126
v 0.250992 0.009596 0.314401
v 0.221600 0.009596 0.316712
v 0.278345 0.009920 0.310270
v 0.252738 0.009920 0.316588
v 0.223141 0.009920 0.318916
v 0.280268 0.009596 0.312413
v 0.254485 0.009596 0.318776
v 0.224683 0.009596 0.321120
v 0.158521 0.009596 0.317043
v 0.126817 0.009596 0.317043
v 0.095113 0.009596 0.317043
v 0.159624 0.009920 0.319249
v 0.127699 0.009920 0.319249
v 0.095775 0.009920 0.319249
v 0.160727 0.009596 0.321454
v 0.128582 0.009596 0.321454
v 0.096436 0.009596 0.321454
v 0.031704 0.009596 0.317043
v 0.000000 0.009596 0.317043
v -0.031704 0.009596 0.317043
v 0.031925 0.009920 0.319249
v 0.000000 0.009920 0.319249
v -0.031925 0.009920 0.319249
v 0.032145 0.009596 0.321454
v 0.000000 0.009596 0.321454
v -0.032145 0.009596 0.321454
v -0.095113 0.009596 0.317043
v -0.126817 0.009596 0.317043
v -0.158521 0.009596 0.317043
v -0.095775 0.009920 0.319249
v -0.127699 0.009920 0.319249
v -0.159624 0.009920 0.319249
v -0.096436 0.009596 0.321454
v -0.128582 0.009596 0.321454
v -0.160727 0.009596 0.321454
v 0.276422 0.000755 0.308126
v 0.278345 0.000431 0.310270
v 0.280268 0.000755 0.312413
v 0.250992 0.000755 0.314401
v 0.252738 0.000431 0.316588
v 0.254485 0.000755 0.318776
v 0.221600 0.000755 0.316712
v 0.223141 0.000431 0.318916
v 0.224683 0.000755 0.321120
v 0.158521 0.000755 0.317043
v 0.159624 0.000431 0.319249
v 0.160727 0.000755 0.321454
v 0.126817 0.000755 0.317043
v 0.127699 0.000431 0.319249
v 0.128582 0.000755 0.321454
v 0.095113 0.000755 0.317043
v 0.095775 0.000431 0.319249
v 0.096436 0.000755 0.321454
v 0.031704 0.000755 0.317043
v 0.031925 0.000431 0.319249
v 0.032145 0.000755 0.321454
v 0.000000 0.000755 0.317043
v 0.000000 0.000431 0.319249
v 0.000000 0.000755 0.321454
v -0.031704 0.000755 0.317043
v -0.031925 0.000431 0.319249
v -0.032145 0.000755 0.321454
v -0.095113 0.000755 0.317043
v -0.095775 0.000431 0.319249
v -0.096436 0.000755 0.321454
v -0.126817 0.000755 0.317043
v -0.127699 0.000431 0.319249
v -0.128582 0.000755 0.321454
v -0.158521 0.000755 0.317043
v -0.159624 0.000431 0.319249
v -0.160727 0.000755 0.321454
v -0.305247 0.003289 0.273839
v -0.311463 0.003289 0.248647
v -0.313753 0.003289 0.219529
v -0.304880 0.005176 0.273509
v -0.311088 0.005176 0.248348
v -0.313376 0.005176 0.219265
v -0.305247 0.007063 0.273839
v -0.311463 0.007063 0.248647
v -0.313753 0.007063 0.219529
v -0.314081 0.003289 0.157040
v -0.314081 0.003289 0.125632
v -0.314081 0.003289 0.094224
v -0.313702 0.005176 0.156851
v -0.313702 0.005176 0.125481
v -0.313702 0.005176 0.094111
v -0.314081 0.007063 0.157040
v -0.314081 0.007063 0.125632
v -0.314081 0.007063 0.094224
v -0.314081 0.003289 0.031408
v -0.314081 0.003289 0.000000
v -0.314081 0.003289 -0.031408
v -0.313702 0.005176 0.031370
v -0.313702 0.005176 0.000000
v -0.313702 0.005176 -0.031370
v -0.314081 0.007063 0.031408
v -0.314081 0.007063 0.000000
v -0.314081 0.007063 -0.031408
v -0.314081 0.003289 -0.094224
v -0.314081 0.003289 -0.125632
v -0.314081 0.003289 -0.157040
v -0.313702 0.005176 -0.094111
v -0.313702 0.005176 -0.125481
v -0.313702 0.005176 -0.156851
v -0.314081 0.007063 -0.094224
v -0.314081 0.007063 -0.125632
v -0.314081 0.007063 -0.157040
v -0.315292 0.003289 -0.282851
v -0.321713 0.003289 -0.256830
v -0.324079 0.003289 -0.226754
v -0.315660 0.005176 -0.283180
v -0.322088 0.005176 -0.257129
v -0.324456 0.005176 -0.227018
v -0.315292 0.007063 -0.282851
v -0.321713 0.007063 -0.256830
v -0.324079 0.007063 -0.226754
v -0.324417 0.003289 -0.162208
v -0.324417 0.003289 -0.129767
v -0.324417 0.003289 -0.097325
v -0.324795 0.005176 -0.162397
v -0.324795 0.005176 -0.129918
v -0.324795 0.005176 -0.097438
v -0.324417 0.007063 -0.162208
v -0.324417 0.007063 -0.129767
v -0.324417 0.007063 -0.097325
v -0.324417 0.003289 -0.032442
v -0.324417 0.003289 0.000000
v -0.324417 0.003289 0.032442
v -0.324795 0.005176 -0.032479
v -0.324795 0.005176 0.000000
v -0.324795 0.005176 0.032479
v -0.324417 0.007063 -0.032442
v -0.324417 0.007063 0.000000
v -0.324417 0.007063 0.032442
v -0.324417 0.003289 0.097325
v -0.324417 0.003289 0.129767
v -0.324417 0.003289 0.162208
v -0.324795 0.005176 0.097438
v -0.324795 0.005176 0.129918
v -0.324795 0.005176 0.162397
v -0.324417 0.007063 0.097325
v -0.324417 0.007063 0.129767
v -0.324417 0.007063 0.162208
v -0.308126 0.000755 0.276422
v -0.310270 0.000431 0.278345
v -0.312413 0.000755 0.280268
v -0.314401 0.000755 0.250992
v -0.316588 0.000431 0.252738
v -0.318776 0.000755 0.254485
v -0.316712 0.000755 0.221600
v -0.318916 0.000431 0.223141
v -0.321120 0.000755 0.224683
v -0.317043 0.000755 0.158521
v -0.319249 0.000431 0.159624
v -0.321454 0.000755 0.160727
v -0.317043 0.000755 0.126817
v -0.319249 0.000431 0.127699
v -0.321454 0.000755 0.128582
v -0.317043 0.000755 0.095113
v -0.319249 0.000431 0.095775
v -0.321454 0.000755 0.096436
v -0.317043 0.000755 0.031704
v -0.319249 0.000431 0.031925
v -0.321454 0.000755 0.032145
v -0.317043 0.000755 0.000000
v -0.319249 0.000431 0.000000
v -0.321454 0.000755 0.000000
v -0.317043 0.000755 -0.031704
v -0.319249 0.000431 -0.031925
v -0.321454 0.000755 -0.032145
v -0.317043 0.000755 -0.095113
v -0.319249 0.000431 -0.095775
v -0.321454 0.000755 -0.096436
v -0.317043 0.000755 -0.126817
v -0.319249 0.000431 -0.127699
v -0.321454 0.000755 -0.128582
v -0.317043 0.000755 -0.158521
v -0.319249 0.000431 -0.159624
v -0.321454 0.000755 -0.160727
v -0.308126 0.009596 0.276422
v -0.314401 0.009596 0.250992
v -0.316712 0.009596 0.221600
v -0.310270 0.009920 0.278345
v -0.316588 0.009920 0.252738
v -0.318916 0.009920 0.223141
v -0.312413 0.009596 0.280268
v -0.318776 0.009596 0.254485
v -0.321120 0.009596 0.224683
v -0.317043 0.009596 0.158521
v -0.317043 0.009596 0.126817
v -0.317043 0.009596 0.095113
v -0.319249 0.009920 0.159624
v -0.319249 0.009920 0.127699
v -0.319249 0.009920 0.095775
v -0.321454 0.009596 0.160727
v -0.321454 0.009596 0.128582
v -0.321454 0.009596 0.096436
v -0.317043 0.009596 0.031704
v -0.317043 0.009596 0.000000
v -0.317043 0.009596 -0.031704
v -0.319249 0.009920 0.031925
v -0.319249 0.009920 0.000000
v -0.319248 0.009920 -0.031925
v -0.321454 0.009596 0.032145
v -0.321454 0.009596 0.000000
v -0.321454 0.009596 -0.032145
v -0.317043 0.009596 -0.095113
v -0.317043 0.009596 -0.126817
v -0.317043 0.009596 -0.158521
v -0.319249 0.009920 -0.095775
v -0.319249 0.009920 -0.127699
v -0.319249 0.009920 -0.159624
v -0.321454 0.009596 -0.096436
v -0.321454 0.009596 -0.128582
v -0.321454 0.009596 -0.160727
vn 0.2845 0.9586 0.0135
vn 0.2611 0.9643 0.0437
vn -0.0090 1.0000 0.0021
vn 0.1399 0.9901 0.0078
vn 0.2163 0.9719 0.0930
vn -0.0136 0.9999 -0.0014
vn -0.1421 0.9898 -0.0046
vn -0.2764 0.9601 -0.0418
vn -0.2910 0.9567 -0.0118
vn -0.2422 0.9653 -0.0980
vn 0.6304 0.7763 0.0032
vn 0.6199 0.7842 0.0268
vn 0.2934 0.9560 0.0017
vn 0.5860 0.8050 0.0926
vn 0.5061 0.8362 0.2113
vn 0.3669 0.8548 0.3669
vn 0.1538 0.9761 0.1538
vn -0.0110 0.9999 -0.0110
vn -0.1775 0.9680 -0.1775
vn -0.3891 0.8349 -0.3891
vn -0.5230 0.8230 -0.2214
vn -0.5929 0.7995 -0.0965
vn -0.6224 0.7822 -0.0283
vn -0.2943 0.9557 -0.0014
vn -0.6308 0.7760 -0.0034
vn -0.1448 0.9895 -0.0005
vn 0.1445 0.9895 0.0010
vn 0.2845 -0.9586 0.0135
vn 0.1399 -0.9901 0.0078
vn -0.0090 -1.0000 0.0021
vn 0.2611 -0.9643 0.0437
vn -0.1421 -0.9898 -0.0046
vn -0.2910 -0.9567 -0.0118
vn -0.2764 -0.9601 -0.0418
vn -0.0136 -0.9999 -0.0014
vn 0.2163 -0.9719 0.0930
vn -0.2422 -0.9653 -0.0980
vn 0.6304 -0.7763 0.0032
vn 0.2934 -0.9560 0.0017
vn 0.6199 -0.7842 0.0268
vn 0.1445 -0.9895 0.0010
vn -0.1448 -0.9895 -0.0005
vn -0.2943 -0.9557 -0.0014
vn -0.6308 -0.7760 -0.0034
vn -0.6224 -0.7822 -0.0283
vn -0.5929 -0.7995 -0.0965
vn -0.5230 -0.8230 -0.2214
vn -0.3891 -0.8349 -0.3891
vn -0.1775 -0.9680 -0.1775
vn -0.0110 -0.9999 -0.0110
vn 0.1538 -0.9761 0.1538
vn 0.5061 -0.8362 0.2113
vn 0.3669 -0.8548 0.3669
vn 0.5860 -0.8050 0.0926
vn 0.0135 -0.9586 -0.2845
vn 0.0078 -0.9901 -0.1399
vn 0.0021 -1.0000 0.0090
vn 0.0437 -0.9643 -0.2611
vn -0.0046 -0.9898 0.1421
vn -0.0118 -0.9567 0.2910
vn -0.0418 -0.9601 0.2764
vn -0.0014 -0.9999 0.0136
vn 0.0930 -0.9719 -0.2163
vn -0.0980 -0.9653 0.2422
vn 0.0032 -0.7763 -0.6304
vn 0.0017 -0.9560 -0.2934
vn 0.0268 -0.7842 -0.6199
vn 0.0010 -0.9895 -0.1445
vn -0.0005 -0.9895 0.1448
vn -0.0014 -0.9557 0.2943
vn -0.0034 -0.7760 0.6308
vn -0.0283 -0.7822 0.6224
vn -0.0965 -0.7995 0.5929
vn -0.2214 -0.8230 0.5230
vn -0.3891 -0.8349 0.3891
vn -0.1775 -0.9680 0.1775
vn -0.0110 -0.9999 0.0110
vn 0.1538 -0.9761 -0.1538
vn 0.2113 -0.8362 -0.5061
vn 0.3669 -0.8548 -0.3669
vn 0.0926 -0.8050 -0.5860
vn -0.2845 -0.9586 -0.0135
vn -0.1399 -0.9901 -0.0078
vn 0.0090 -1.0000 -0.0021
vn -0.2611 -0.9643 -0.0437
vn 0.1421 -0.9898 0.0046
vn 0.2910 -0.9567 0.0118
vn 0.2764 -0.9601 0.0418
vn 0.0136 -0.9999 0.0014
vn -0.2163 -0.9719 -0.0930
vn 0.2422 -0.9653 0.0980
vn -0.6304 -0.7763 -0.0032
vn -0.2934 -0.9560 -0.0017
vn -0.6199 -0.7842 -0.0268
vn -0.1445 -0.9895 -0.0010
vn 0.1448 -0.9895 0.0005
vn 0.2943 -0.9557 0.0014
vn 0.6308 -0.7760 0.0034
vn 0.6224 -0.7822 0.0283
vn 0.5929 -0.7995 0.0965
vn 0.5230 -0.8230 0.2214
vn 0.3891 -0.8349 0.3891
vn 0.1775 -0.9680 0.1775
vn 0.0110 -0.9999 0.0110
vn -0.1538 -0.9761 -0.1538
vn -0.5061 -0.8362 -0.2113
vn -0.3669 -0.8548 -0.3669
vn -0.5860 -0.8050 -0.0926
vn -0.0135 -0.9586 0.2845
vn -0.0078 -0.9901 0.1399
vn -0.0021 -1.0000 -0.0090
vn -0.0437 -0.9643 0.2611
vn 0.0046 -0.9898 -0.1421
vn 0.0118 -0.9567 -0.2910
vn 0.0418 -0.9601 -0.2764
vn 0.0014 -0.9999 -0.0136
vn -0.0930 -0.9719 0.2163
vn 0.0980 -0.9653 -0.2422
vn -0.0032 -0.7763 0.6304
vn -0.0017 -0.9560 0.2934
vn -0.0268 -0.7842 0.6199
vn -0.0010 -0.9895 0.1445
vn 0.0005 -0.9895 -0.1448
vn 0.0014 -0.9557 -0.2943
vn 0.0034 -0.7760 -0.6308
vn 0.0283 -0.7822 -0.6224
vn 0.0965 -0.7995 -0.5929
vn 0.2214 -0.8230 -0.5230
vn 0.3891 -0.8349 -0.3891
vn 0.1775 -0.9680 -0.1775
vn 0.0110 -0.9999 -0.0110
vn -0.1538 -0.9761 0.1538
vn -0.2113 -0.8362 0.5061
vn -0.3669 -0.8548 0.3669
vn -0.0926 -0.8050 0.5860
vn 0.0135 0.9586 -0.2845
vn 0.0437 0.9643 -0.2611
vn 0.0021 1.0000 0.0090
vn 0.0078 0.9901 -0.1399
vn 0.0930 0.9719 -0.2163
vn -0.0014 0.9999 0.0136
vn -0.0046 0.9898 0.1421
vn -0.0418 0.9601 0.2764
vn -0.0118 0.9567 0.2910
vn -0.0980 0.9653 0.2422
vn 0.0032 0.7763 -0.6304
vn 0.0268 0.7842 -0.6199
vn 0.0017 0.9560 -0.2934
vn 0.0926 0.8050 -0.5860
vn 0.2113 0.8362 -0.5061
vn 0.3669 0.8548 -0.3669
vn 0.1538 0.9761 -0.1538
vn -0.0110 0.9999 0.0110
vn -0.1775 0.9680 0.1775
vn -0.3891 0.8349 0.3891
vn -0.2214 0.8230 0.5230
vn -0.0965 0.7995 0.5929
vn -0.0283 0.7822 0.6224
vn -0.0014 0.9557 0.2943
vn -0.0034 0.7760 0.6308
vn -0.0005 0.9895 0.1448
vn 0.0010 0.9895 -0.1445
vn -0.2845 0.9586 -0.0135
vn -0.2611 0.9643 -0.0437
vn 0.0090 1.0000 -0.0021
vn -0.1399 0.9901 -0.0078
vn -0.2163 0.9719 -0.0930
vn 0.0136 0.9999 0.0014
vn 0.1421 0.9898 0.0046
vn 0.2764 0.9601 0.0418
vn 0.2910 0.9567 0.0118
vn 0.2422 0.9653 0.0980
vn -0.6304 0.7763 -0.0032
vn -0.6199 0.7842 -0.0268
vn -0.2934 0.9560 -0.0017
vn -0.5860 0.8050 -0.0926
vn -0.5061 0.8362 -0.2113
vn -0.3669 0.8548 -0.3669
vn -0.1538 0.9761 -0.1538
vn 0.0110 0.9999 0.0110
vn 0.1775 0.9680 0.1775
vn 0.3891 0.8349 0.3891
vn 0.5230 0.8230 0.2214
vn 0.5929 0.7995 0.0965
vn 0.6224 0.7822 0.0283
vn 0.2943 0.9557 0.0014
vn 0.6308 0.7760 0.0034
vn 0.1448 0.9895 0.0005
vn -0.1445 0.9895 -0.0010
vn -0.0135 0.9586 0.2845
vn -0.0437 0.9643 0.2611
vn -0.0021 1.0000 -0.0090
vn -0.0078 0.9901 0.1399
vn -0.0930 0.9719 0.2163
vn 0.0014 0.9999 -0.0136
vn 0.0046 0.9898 -0.1421
vn 0.0418 0.9601 -0.2764
vn 0.0118 0.9567 -0.2910
vn 0.0980 0.9653 -0.2422
vn -0.0032 0.7763 0.6304
vn -0.0268 0.7842 0.6199
vn -0.0017 0.9560 0.2934
vn -0.0926 0.8050 0.5860
vn -0.2113 0.8362 0.5061
vn -0.3669 0.8548 0.3669
vn -0.1538 0.9761 0.1538
vn 0.0110 0.9999 -0.0110
vn 0.1775 0.9680 -0.1775
vn 0.3891 0.8349 -0.3891
vn 0.2214 0.8230 -0.5230
vn 0.0965 0.7995 -0.5929
vn 0.0283 0.7822 -0.6224
vn 0.0014 0.9557 -0.2943
vn 0.0034 0.7760 -0.6308
vn 0.0005 0.9895 -0.1448
vn -0.0010 0.9895 0.1445
vn 0.9050 -0.4234 -0.0417
vn 0.8827 -0.4468 -0.1457
vn 0.9867 -0.0000 -0.1628
vn 0.9989 -0.0000 -0.0459
vn 0.8053 -0.4820 -0.3452
vn 0.9190 -0.0000 -0.3943
vn 0.8827 0.4468 -0.1457
vn 0.9050 0.4234 -0.0417
vn 0.8053 0.4820 -0.3452
vn 0.6308 -0.7760 -0.0034
vn 0.6224 -0.7822 -0.0283
vn 0.9097 -0.4151 -0.0050
vn 0.5929 -0.7995 -0.0965
vn 0.5230 -0.8230 -0.2214
vn 0.6117 -0.5016 -0.6117
vn 0.7071 -0.0000 -0.7071
vn 0.6117 0.5016 -0.6117
vn 0.5230 0.8230 -0.2214
vn 0.5929 0.7995 -0.0965
vn 0.6224 0.7822 -0.0283
vn 0.9097 0.4151 -0.0050
vn 0.6308 0.7760 -0.0034
vn 1.0000 -0.0000 -0.0055
vn -0.9050 -0.4234 0.0417
vn -0.8827 -0.4468 0.1457
vn -0.9867 -0.0000 0.1628
vn -0.9989 -0.0000 0.0459
vn -0.8053 -0.4820 0.3452
vn -0.9190 -0.0000 0.3943
vn -0.8827 0.4468 0.1457
vn -0.9050 0.4234 0.0417
vn -0.8053 0.4820 0.3452
vn -0.6308 -0.7760 0.0034
vn -0.6224 -0.7822 0.0283
vn -0.9097 -0.4151 0.0050
vn -0.5929 -0.7995 0.0965
vn -0.5230 -0.8230 0.2214
vn -0.6117 -0.5016 0.6117
vn -0.7071 -0.0000 0.7071
vn -0.6117 0.5016 0.6117
vn -0.5230 0.8230 0.2214
vn -0.5929 0.7995 0.0965
vn -0.6224 0.7822 0.0283
vn -0.9097 0.4151 0.0050
vn -0.6308 0.7760 0.0034
vn -1.0000 -0.0000 0.0055
vn -0.9048 -0.4240 -0.0388
vn -0.8826 -0.4492 -0.1391
vn -0.9877 -0.0000 -0.1562
vn -0.9991 -0.0000 -0.0430
vn -0.8036 -0.4916 -0.3356
vn -0.9224 -0.0000 -0.3862
vn -0.8826 0.4492 -0.1391
vn -0.9048 0.4240 -0.0388
vn -0.8036 0.4916 -0.3356
vn -0.9097 -0.4153 -0.0046
vn -0.6041 -0.5198 -0.6041
vn -0.7071 -0.0000 -0.7071
vn -0.6041 0.5198 -0.6041
vn -0.9097 0.4153 -0.0046
vn -1.0000 -0.0000 -0.0051
vn 0.9048 -0.4240 0.0388
vn 0.8826 -0.4492 0.1391
vn 0.9877 -0.0000 0.1562
vn 0.9991 -0.0000 0.0430
vn 0.8036 -0.4916 0.3356
vn 0.9224 -0.0000 0.3862
vn 0.8826 0.4492 0.1391
vn 0.9048 0.4240 0.0388
vn 0.8036 0.4916 0.3356
vn 0.9097 -0.4153 0.0046
vn 0.6041 -0.5198 0.6041
vn 0.7071 -0.0000 0.7071
vn 0.6041 0.5198 0.6041
vn 0.9097 0.4153 0.0046
vn 1.0000 -0.0000 0.0051
vn -0.0417 -0.4234 -0.9050
vn -0.1457 -0.4468 -0.8827
vn -0.1628 -0.0000 -0.9867
vn -0.0459 -0.0000 -0.9989
vn -0.3452 -0.4820 -0.8053
vn -0.3943 -0.0000 -0.9190
vn -0.1457 0.4468 -0.8827
vn -0.0417 0.4234 -0.9050
vn -0.3452 0.4820 -0.8053
vn -0.0034 -0.7760 -0.6308
vn -0.0283 -0.7822 -0.6224
vn -0.0050 -0.4151 -0.9097
vn -0.0965 -0.7995 -0.5929
vn -0.2214 -0.8230 -0.5230
vn -0.6117 -0.5016 -0.6117
vn -0.6117 0.5016 -0.6117
vn -0.2214 0.8230 -0.5230
vn -0.0965 0.7995 -0.5929
vn -0.0283 0.7822 -0.6224
vn -0.0050 0.4151 -0.9097
vn -0.0034 0.7760 -0.6308
vn -0.0055 -0.0000 -1.0000
vn 0.0417 -0.4234 0.9050
vn 0.1457 -0.4468 0.8827
vn 0.1628 -0.0000 0.9867
vn 0.0459 -0.0000 0.9989
vn 0.3452 -0.4820 0.8053
vn 0.3943 -0.0000 0.9190
vn 0.1457 0.4468 0.8827
vn 0.0417 0.4234 0.9050
vn 0.3452 0.4820 0.8053
vn 0.0034 -0.7760 0.6308
vn 0.0283 -0.7822 0.6224
vn 0.0050 -0.4151 0.9097
vn 0.0965 -0.7995 0.5929
vn 0.2214 -0.8230 0.5230
vn 0.6117 -0.5016 0.6117
vn 0.6117 0.5016 0.6117
vn 0.2214 0.8230 0.5230
vn 0.0965 0.7995 0.5929
vn 0.0283 0.7822 0.6224
vn 0.0050 0.4151 0.9097
vn 0.0034 0.7760 0.6308
vn 0.0055 -0.0000 1.0000
vn -0.0388 -0.4240 0.9048
vn -0.1391 -0.4492 0.8826
vn -0.1562 -0.0000 0.9877
vn -0.0430 -0.0000 0.9991
vn -0.3356 -0.4916 0.8036
vn -0.3862 -0.0000 0.9224
vn -0.1391 0.4492 0.8826
vn -0.0388 0.4240 0.9048
vn -0.3356 0.4916 0.8036
vn -0.0046 -0.4153 0.9097
vn -0.6041 -0.5198 0.6041
vn -0.6041 0.5198 0.6041
vn -0.0046 0.4153 0.9097
vn -0.0051 -0.0000 1.0000
vn 0.0388 -0.4240 -0.9048
vn 0.1391 -0.4492 -0.8826
vn 0.1562 -0.0000 -0.9877
vn 0.0430 -0.0000 -0.9991
vn 0.3356 -0.4916 -0.8036
vn 0.3862 -0.0000 -0.9224
vn 0.1391 0.4492 -0.8826
vn 0.0388 0.4240 -0.9048
vn 0.3356 0.4916 -0.8036
vn 0.0046 -0.4153 -0.9097
vn 0.6041 -0.5198 -0.6041
vn 0.6041 0.5198 -0.6041
vn 0.0046 0.4153 -0.9097
vn 0.0051 -0.0000 -1.0000
vn 0.3356 -0.4916 0.8036
vn 0.1391 -0.4492 0.8826
vn 0.1562 -0.0000 0.9877
vn 0.3862 -0.0000 0.9224
vn 0.0388 -0.4240 0.9048
vn 0.0430 -0.0000 0.9991
vn 0.1391 0.4492 0.8826
vn 0.3356 0.4916 0.8036
vn 0.0388 0.4240 0.9048
vn 0.2113 -0.8362 0.5061
vn 0.0926 -0.8050 0.5860
vn 0.0268 -0.7842 0.6199
vn 0.0032 -0.7763 0.6304
vn 0.0046 -0.4153 0.9097
vn 0.0051 -0.0000 1.0000
vn 0.0046 0.4153 0.9097
vn 0.0032 0.7763 0.6304
vn 0.0268 0.7842 0.6199
vn 0.0926 0.8050 0.5860
vn 0.2113 0.8362 0.5061
vn -0.0000 -0.4142 0.9102
vn -0.0000 -0.0000 1.0000
vn -0.0000 0.4142 0.9102
vn -0.0000 -0.7752 0.6317
vn -0.0000 0.7752 0.6317
vn 0.3452 -0.4820 -0.8053
vn 0.1457 -0.4468 -0.8827
vn 0.1628 -0.0000 -0.9867
vn 0.3943 -0.0000 -0.9190
vn 0.0417 -0.4234 -0.9050
vn 0.0459 -0.0000 -0.9989
vn 0.1457 0.4468 -0.8827
vn 0.3452 0.4820 -0.8053
vn 0.0417 0.4234 -0.9050
vn 0.0050 -0.4151 -0.9097
vn 0.0055 -0.0000 -1.0000
vn 0.0050 0.4151 -0.9097
vn -0.0000 -0.4142 -0.9102
vn -0.0000 -0.0000 -1.0000
vn -0.0000 0.4142 -0.9102
vn -0.0000 -0.7752 -0.6317
vn -0.0000 0.7752 -0.6317
vn 0.0930 0.9719 0.2163
vn 0.0437 0.9643 0.2611
vn 0.0021 1.0000 -0.0090
vn -0.0014 0.9999 -0.0136
vn 0.0135 0.9586 0.2845
vn 0.0078 0.9901 0.1399
vn -0.0418 0.9601 -0.2764
vn -0.0980 0.9653 -0.2422
vn -0.0046 0.9898 -0.1421
vn -0.0118 0.9567 -0.2910
vn 0.0017 0.9560 0.2934
vn 0.0010 0.9895 0.1445
vn -0.0005 0.9895 -0.1448
vn -0.0014 0.9557 -0.2943
vn -0.0000 0.9556 0.2946
vn -0.0000 0.9894 0.1451
vn -0.0000 0.9894 -0.1451
vn -0.0000 0.9556 -0.2946
vn 0.0930 -0.9719 0.2163
vn -0.0014 -0.9999 -0.0136
vn 0.0021 -1.0000 -0.0090
vn 0.0437 -0.9643 0.2611
vn -0.0980 -0.9653 -0.2422
vn -0.0418 -0.9601 -0.2764
vn 0.0078 -0.9901 0.1399
vn 0.0135 -0.9586 0.2845
vn -0.0118 -0.9567 -0.2910
vn -0.0046 -0.9898 -0.1421
vn -0.0014 -0.9557 -0.2943
vn -0.0005 -0.9895 -0.1448
vn 0.0010 -0.9895 0.1445
vn 0.0017 -0.9560 0.2934
vn -0.0000 -0.9556 0.2946
vn -0.0000 -0.9894 0.1451
vn -0.0000 -0.9894 -0.1451
vn -0.0000 -0.9556 -0.2946
vn -0.8036 -0.4916 0.3356
vn -0.8826 -0.4492 0.1391
vn -0.9877 -0.0000 0.1562
vn -0.9224 -0.0000 0.3862
vn -0.9048 -0.4240 0.0388
vn -0.9991 -0.0000 0.0430
vn -0.8826 0.4492 0.1391
vn -0.8036 0.4916 0.3356
vn -0.9048 0.4240 0.0388
vn -0.5061 -0.8362 0.2113
vn -0.5860 -0.8050 0.0926
vn -0.6199 -0.7842 0.0268
vn -0.6304 -0.7763 0.0032
vn -0.9097 -0.4153 0.0046
vn -1.0000 -0.0000 0.0051
vn -0.9097 0.4153 0.0046
vn -0.6304 0.7763 0.0032
vn -0.6199 0.7842 0.0268
vn -0.5860 0.8050 0.0926
vn -0.5061 0.8362 0.2113
vn -0.9102 -0.4142 -0.0000
vn -1.0000 -0.0000 -0.0000
vn -0.9102 0.4142 -0.0000
vn -0.6317 -0.7752 -0.0000
vn -0.6317 0.7752 -0.0000
vn 0.8053 -0.4820 0.3452
vn 0.8827 -0.4468 0.1457
vn 0.9867 -0.0000 0.1628
vn 0.9190 -0.0000 0.3943
vn 0.9050 -0.4234 0.0417
vn 0.9989 -0.0000 0.0459
vn 0.8827 0.4468 0.1457
vn 0.8053 0.4820 0.3452
vn 0.9050 0.4234 0.0417
vn 0.9097 -0.4151 0.0050
vn 1.0000 -0.0000 0.0055
vn 0.9097 0.4151 0.0050
vn 0.9102 -0.4142 -0.0000
vn 1.0000 -0.0000 -0.0000
vn 0.9102 0.4142 -0.0000
vn 0.6317 -0.7752 -0.0000
vn 0.6317 0.7752 -0.0000
vn -0.2163 0.9719 0.0930
vn -0.2611 0.9643 0.0437
vn 0.0090 1.0000 0.0021
vn 0.0136 0.9999 -0.0014
vn -0.2845 0.9586 0.0135
vn -0.1399 0.9901 0.0078
vn 0.2764 0.9601 -0.0418
vn 0.2422 0.9653 -0.0980
vn 0.1421 0.9898 -0.0046
vn 0.2910 0.9567 -0.0118
vn -0.2934 0.9560 0.0017
vn -0.1445 0.9895 0.0010
vn 0.1448 0.9895 -0.0005
vn 0.2943 0.9557 -0.0014
vn -0.2946 0.9556 -0.0000
vn -0.1451 0.9894 -0.0000
vn 0.1451 0.9894 -0.0000
vn 0.2946 0.9556 -0.0000
vn -0.2163 -0.9719 0.0930
vn 0.0136 -0.9999 -0.0014
vn 0.0090 -1.0000 0.0021
vn -0.2611 -0.9643 0.0437
vn 0.2422 -0.9653 -0.0980
vn 0.2764 -0.9601 -0.0418
vn -0.1399 -0.9901 0.0078
vn -0.2845 -0.9586 0.0135
vn 0.2910 -0.9567 -0.0118
vn 0.1421 -0.9898 -0.0046
vn 0.2943 -0.9557 -0.0014
vn 0.1448 -0.9895 -0.0005
vn -0.1445 -0.9895 0.0010
vn -0.2934 -0.9560 0.0017
vn -0.2946 -0.9556 -0.0000
vn -0.1451 -0.9894 -0.0000
vn 0.1451 -0.9894 -0.0000
vn 0.2946 -0.9556 -0.0000
vn -0.3356 -0.4916 -0.8036
vn -0.1391 -0.4492 -0.8826
vn -0.1562 -0.0000 -0.9877
vn -0.3862 -0.0000 -0.9224
vn -0.0388 -0.4240 -0.9048
vn -0.0430 -0.0000 -0.9991
vn -0.1391 0.4492 -0.8826
vn -0.3356 0.4916 -0.8036
vn -0.0388 0.4240 -0.9048
vn -0.2113 -0.8362 -0.5061
vn -0.0926 -0.8050 -0.5860
vn -0.0268 -0.7842 -0.6199
vn -0.0032 -0.7763 -0.6304
vn -0.0046 -0.4153 -0.9097
vn -0.0051 -0.0000 -1.0000
vn -0.0046 0.4153 -0.9097
vn -0.0032 0.7763 -0.6304
vn -0.0268 0.7842 -0.6199
vn -0.0926 0.8050 -0.5860
vn -0.2113 0.8362 -0.5061
vn -0.3452 -0.4820 0.8053
vn -0.1457 -0.4468 0.8827
vn -0.1628 -0.0000 0.9867
vn -0.3943 -0.0000 0.9190
vn -0.0417 -0.4234 0.9050
vn -0.0459 -0.0000 0.9989
vn -0.1457 0.4468 0.8827
vn -0.3452 0.4820 0.8053
vn -0.0417 0.4234 0.9050
vn -0.0050 -0.4151 0.9097
vn -0.0055 -0.0000 1.0000
vn -0.0050 0.4151 0.9097
vn -0.0930 0.9719 -0.2163
vn -0.0437 0.9643 -0.2611
vn -0.0021 1.0000 0.0090
vn 0.0014 0.9999 0.0136
vn -0.0135 0.9586 -0.2845
vn -0.0078 0.9901 -0.1399
vn 0.0418 0.9601 0.2764
vn 0.0980 0.9653 0.2422
vn 0.0046 0.9898 0.1421
vn 0.0118 0.9567 0.2910
vn -0.0017 0.9560 -0.2934
vn -0.0010 0.9895 -0.1445
vn 0.0005 0.9895 0.1448
vn 0.0014 0.9557 0.2943
vn -0.0930 -0.9719 -0.2163
vn 0.0014 -0.9999 0.0136
vn -0.0021 -1.0000 0.0090
vn -0.0437 -0.9643 -0.2611
vn 0.0980 -0.9653 0.2422
vn 0.0418 -0.9601 0.2764
vn -0.0078 -0.9901 -0.1399
vn -0.0135 -0.9586 -0.2845
vn 0.0118 -0.9567 0.2910
vn 0.0046 -0.9898 0.1421
vn 0.0014 -0.9557 0.2943
vn 0.0005 -0.9895 0.1448
vn -0.0010 -0.9895 -0.1445
vn -0.0017 -0.9560 -0.2934
vn 0.8036 -0.4916 -0.3356
vn 0.8826 -0.4492 -0.1391
vn 0.9877 -0.0000 -0.1562
vn 0.9224 -0.0000 -0.3862
vn 0.9048 -0.4240 -0.0388
vn 0.9991 -0.0000 -0.0430
vn 0.8826 0.4492 -0.1391
vn 0.8036 0.4916 -0.3356
vn 0.9048 0.4240 -0.0388
vn 0.5061 -0.8362 -0.2113
vn 0.5860 -0.8050 -0.0926
vn 0.6199 -0.7842 -0.0268
vn 0.6304 -0.7763 -0.0032
vn 0.9097 -0.4153 -0.0046
vn 1.0000 -0.0000 -0.0051
vn 0.9097 0.4153 -0.0046
vn 0.6304 0.7763 -0.0032
vn 0.6199 0.7842 -0.0268
vn 0.5860 0.8050 -0.0926
vn 0.5061 0.8362 -0.2113
vn -0.8053 -0.4820 -0.3452
vn -0.8827 -0.4468 -0.1457
vn -0.9867 -0.0000 -0.1628
vn -0.9190 -0.0000 -0.3943
vn -0.9050 -0.4234 -0.0417
vn -0.9989 -0.0000 -0.0459
vn -0.8827 0.4468 -0.1457
vn -0.8053 0.4820 -0.3452
vn -0.9050 0.4234 -0.0417
vn -0.9097 -0.4151 -0.0050
vn -1.0000 -0.0000 -0.0055
vn -0.9097 0.4151 -0.0050
vn 0.2163 -0.9719 -0.0930
vn -0.0136 -0.9999 0.0014
vn -0.0090 -1.0000 -0.0021
vn 0.2611 -0.9643 -0.0437
vn -0.2422 -0.9653 0.0980
vn -0.2764 -0.9601 0.0418
vn 0.1399 -0.9901 -0.0078
vn 0.2845 -0.9586 -0.0135
vn -0.2910 -0.9567 0.0118
vn -0.1421 -0.9898 0.0046
vn -0.2943 -0.9557 0.0014
vn -0.1448 -0.9895 0.0005
vn 0.1445 -0.9895 -0.0010
vn 0.2934 -0.9560 -0.0017
vn 0.2163 0.9719 -0.0930
vn 0.2611 0.9643 -0.0437
vn -0.0090 1.0000 -0.0021
vn -0.0136 0.9999 0.0014
vn 0.2845 0.9586 -0.0135
vn 0.1399 0.9901 -0.0078
vn -0.2764 0.9601 0.0418
vn -0.2422 0.9653 0.0980
vn -0.1421 0.9898 0.0046
vn -0.2910 0.9567 0.0118
vn 0.2934 0.9560 -0.0017
vn 0.1445 0.9895 -0.0010
vn -0.1448 0.9895 0.0005
vn -0.2943 0.9557 0.0014
vt 0.013793 0.840256
vt 0.016937 0.885676
vt 0.013453 0.888433
vt 0.010005 0.842865
vt 0.026419 0.924859
vt 0.023109 0.927825
vt 0.010035 0.891151
vt 0.006448 0.845335
vt 0.019806 0.930785
vt 0.018599 0.788841
vt 0.016936 0.838087
vt 0.013804 0.791753
vt 0.019795 0.883408
vt 0.029158 0.922405
vt 0.047799 0.952201
vt 0.045177 0.954823
vt 0.042013 0.957987
vt 0.038849 0.961151
vt 0.036227 0.963773
vt 0.017075 0.933235
vt 0.007241 0.893379
vt 0.003617 0.847313
vt 0.005950 0.796432
vt 0.003100 0.798140
vt 0.009623 0.794239
vt 0.014167 0.840008
vt 0.009632 0.843153
vt 0.012026 0.889834
vt 0.015824 0.886966
vt 0.004883 0.846511
vt 0.006524 0.894406
vt 0.019182 0.931748
vt 0.021029 0.930366
vt 0.011755 0.938710
vt 0.018599 0.788840
vt 0.013756 0.791711
vt 0.018599 0.836981
vt 0.009235 0.794446
vt 0.004642 0.797213
vt 0.000000 0.800000
vt 0.000000 0.850000
vt 0.000000 0.900000
vt 0.000000 0.950000
vt 0.000000 1.000000
vt 0.027269 0.972731
vt 0.036561 0.963439
vt 0.036311 0.963689
vt 0.018599 0.933261
vt 0.018599 0.981401
vt 0.018599 0.885121
vt 0.159999 0.014184
vt 0.156851 0.009640
vt 0.110166 0.012026
vt 0.113034 0.015824
vt 0.153489 0.004884
vt 0.105594 0.006524
vt 0.068252 0.019182
vt 0.069634 0.021029
vt 0.061290 0.011755
vt 0.211160 0.018599
vt 0.208370 0.013949
vt 0.163020 0.018599
vt 0.205580 0.009300
vt 0.202790 0.004650
vt 0.200000 0.000000
vt 0.150000 0.000000
vt 0.100000 0.000000
vt 0.050000 0.000000
vt 0.000000 0.000000
vt 0.027269 0.027269
vt 0.036561 0.036561
vt 0.036311 0.036311
vt 0.066739 0.018599
vt 0.018599 0.018599
vt 0.114879 0.018599
vt 0.985816 0.159999
vt 0.990360 0.156851
vt 0.987974 0.110166
vt 0.984176 0.113034
vt 0.995116 0.153489
vt 0.993476 0.105594
vt 0.980818 0.068252
vt 0.978971 0.069634
vt 0.988245 0.061290
vt 0.981401 0.211160
vt 0.986051 0.208370
vt 0.981401 0.163020
vt 0.990700 0.205580
vt 0.995350 0.202790
vt 1.000000 0.200000
vt 1.000000 0.150000
vt 1.000000 0.100000
vt 1.000000 0.050000
vt 1.000000 0.000000
vt 0.972731 0.027269
vt 0.963439 0.036561
vt 0.963689 0.036311
vt 0.981401 0.066739
vt 0.981401 0.018599
vt 0.981401 0.114879
vt 0.840001 0.985816
vt 0.843149 0.990360
vt 0.889834 0.987974
vt 0.886966 0.984176
vt 0.846511 0.995116
vt 0.894406 0.993476
vt 0.931748 0.980818
vt 0.930366 0.978971
vt 0.938710 0.988245
vt 0.788840 0.981401
vt 0.791630 0.986051
vt 0.836981 0.981401
vt 0.794420 0.990700
vt 0.797210 0.995350
vt 0.800000 1.000000
vt 0.850000 1.000000
vt 0.900000 1.000000
vt 0.950000 1.000000
vt 1.000000 1.000000
vt 0.972731 0.972731
vt 0.963439 0.963439
vt 0.963689 0.963689
vt 0.933261 0.981401
vt 0.981401 0.981401
vt 0.885121 0.981401
vt 0.159391 0.013198
vt 0.114213 0.016751
vt 0.111529 0.013389
vt 0.157021 0.009811
vt 0.075127 0.026396
vt 0.072171 0.023101
vt 0.108845 0.010027
vt 0.154651 0.006424
vt 0.069215 0.019805
vt 0.209300 0.015499
vt 0.161354 0.016004
vt 0.207614 0.012690
vt 0.116437 0.019537
vt 0.077576 0.029126
vt 0.047799 0.047799
vt 0.045177 0.045177
vt 0.042013 0.042013
vt 0.038849 0.038849
vt 0.036227 0.036227
vt 0.066765 0.017075
vt 0.106621 0.007241
vt 0.152688 0.003617
vt 0.203546 0.005909
vt 0.201860 0.003100
vt 0.205580 0.009300
vt 0.986802 0.159391
vt 0.983249 0.114213
vt 0.986611 0.111529
vt 0.990189 0.157021
vt 0.973605 0.075127
vt 0.976899 0.072171
vt 0.989973 0.108845
vt 0.993576 0.154651
vt 0.980195 0.069215
vt 0.984501 0.209300
vt 0.983996 0.161354
vt 0.987310 0.207614
vt 0.980463 0.116437
vt 0.970874 0.077576
vt 0.952201 0.047799
vt 0.954823 0.045177
vt 0.957987 0.042013
vt 0.961151 0.038849
vt 0.963773 0.036227
vt 0.982925 0.066765
vt 0.992759 0.106621
vt 0.996383 0.152688
vt 0.994091 0.203546
vt 0.996900 0.201860
vt 0.990700 0.205580
vt 0.840609 0.986802
vt 0.885787 0.983249
vt 0.888471 0.986611
vt 0.842979 0.990189
vt 0.924873 0.973604
vt 0.927830 0.976899
vt 0.891155 0.989973
vt 0.845349 0.993576
vt 0.930786 0.980195
vt 0.790700 0.984501
vt 0.838646 0.983996
vt 0.792386 0.987310
vt 0.883563 0.980463
vt 0.922424 0.970874
vt 0.952201 0.952201
vt 0.954823 0.954823
vt 0.957987 0.957987
vt 0.961151 0.961151
vt 0.963773 0.963773
vt 0.933235 0.982925
vt 0.893379 0.992759
vt 0.847313 0.996383
vt 0.796455 0.994091
vt 0.798140 0.996900
vt 0.794420 0.990700
vt 0.999702 0.849717
vt 0.997955 0.897965
vt 0.996144 0.896221
vt 0.999179 0.849295
vt 0.992477 0.942482
vt 0.987558 0.937596
vt 0.994623 0.894885
vt 0.998184 0.848576
vt 0.984916 0.935047
vt 1.000000 0.800000
vt 1.000000 0.850000
vt 0.999952 0.799971
vt 1.000000 0.900000
vt 1.000000 0.950000
vt 0.976691 0.976691
vt 0.969083 0.969083
vt 0.965793 0.965793
vt 0.982925 0.933235
vt 0.992759 0.893379
vt 0.996382 0.847313
vt 0.998692 0.799215
vt 0.996900 0.798140
vt 0.999613 0.799768
vt 0.000298 0.150283
vt 0.002045 0.102035
vt 0.003856 0.103779
vt 0.000821 0.150705
vt 0.007523 0.057518
vt 0.012443 0.062404
vt 0.005377 0.105115
vt 0.001816 0.151424
vt 0.015084 0.064953
vt 0.000000 0.200000
vt 0.000000 0.150000
vt 0.000048 0.200029
vt 0.000000 0.100000
vt 0.000000 0.050000
vt 0.023309 0.023309
vt 0.030917 0.030917
vt 0.034207 0.034207
vt 0.017075 0.066765
vt 0.007241 0.106621
vt 0.003617 0.152688
vt 0.001308 0.200785
vt 0.003100 0.201860
vt 0.000387 0.200233
vt 0.981209 0.163226
vt 0.979526 0.116763
vt 0.978442 0.117916
vt 0.981370 0.163167
vt 0.974250 0.073895
vt 0.970160 0.078019
vt 0.978770 0.117772
vt 0.982216 0.162596
vt 0.969373 0.078898
vt 0.981449 0.211131
vt 0.959047 0.040953
vt 0.952343 0.047657
vt 0.950862 0.049138
vt 0.982709 0.210375
vt 0.981788 0.210927
vt 0.018816 0.836759
vt 0.020482 0.883232
vt 0.021623 0.882046
vt 0.018832 0.836712
vt 0.025751 0.926104
vt 0.029848 0.921977
vt 0.021416 0.882116
vt 0.018396 0.837036
vt 0.030651 0.921088
vt 0.018599 0.788841
vt 0.040953 0.959047
vt 0.047657 0.952343
vt 0.049138 0.950862
vt 0.018599 0.788841
vt 0.150283 0.999702
vt 0.102035 0.997955
vt 0.103779 0.996144
vt 0.150705 0.999179
vt 0.057518 0.992477
vt 0.062404 0.987558
vt 0.105115 0.994623
vt 0.151424 0.998184
vt 0.064953 0.984916
vt 0.200000 1.000000
vt 0.150000 1.000000
vt 0.200029 0.999952
vt 0.100000 1.000000
vt 0.050000 1.000000
vt 0.023309 0.976691
vt 0.030917 0.969083
vt 0.034207 0.965793
vt 0.066765 0.982925
vt 0.106621 0.992759
vt 0.152688 0.996382
vt 0.200785 0.998692
vt 0.201860 0.996900
vt 0.200233 0.999613
vt 0.849717 0.000298
vt 0.897965 0.002045
vt 0.896221 0.003856
vt 0.849295 0.000821
vt 0.942482 0.007523
vt 0.937596 0.012443
vt 0.894885 0.005377
vt 0.848576 0.001816
vt 0.935047 0.015084
vt 0.800000 0.000000
vt 0.850000 0.000000
vt 0.799971 0.000048
vt 0.900000 0.000000
vt 0.950000 0.000000
vt 0.976691 0.023309
vt 0.969083 0.030917
vt 0.965793 0.034207
vt 0.933235 0.017075
vt 0.893379 0.007241
vt 0.847313 0.003617
vt 0.799215 0.001308
vt 0.798140 0.003100
vt 0.799768 0.000387
vt 0.836774 0.981209
vt 0.883237 0.979526
vt 0.882084 0.978442
vt 0.836833 0.981370
vt 0.926105 0.974250
vt 0.921981 0.970160
vt 0.882228 0.978769
vt 0.837404 0.982216
vt 0.921102 0.969373
vt 0.788870 0.981449
vt 0.959047 0.959047
vt 0.952343 0.952343
vt 0.950862 0.950862
vt 0.789625 0.982708
vt 0.789073 0.981788
vt 0.163226 0.018791
vt 0.116763 0.020474
vt 0.117916 0.021558
vt 0.163167 0.018630
vt 0.073895 0.025750
vt 0.078019 0.029840
vt 0.117772 0.021231
vt 0.162596 0.017784
vt 0.078898 0.030627
vt 0.211131 0.018551
vt 0.040953 0.040953
vt 0.047657 0.047657
vt 0.049138 0.049138
vt 0.210375 0.017292
vt 0.210927 0.018212
vt 0.073895 0.974250
vt 0.116763 0.979526
vt 0.117916 0.978442
vt 0.078019 0.970160
vt 0.163226 0.981209
vt 0.163167 0.981370
vt 0.117772 0.978769
vt 0.078898 0.969373
vt 0.162596 0.982216
vt 0.066739 0.981401
vt 0.114879 0.981401
vt 0.163020 0.981401
vt 0.211160 0.981401
vt 0.211131 0.981449
vt 0.210927 0.981788
vt 0.210375 0.982708
vt 0.209300 0.984501
vt 0.161354 0.983996
vt 0.116437 0.980463
vt 0.077576 0.970874
vt 0.259275 0.981449
vt 0.307420 0.981449
vt 0.307285 0.981788
vt 0.259106 0.981788
vt 0.355565 0.981449
vt 0.355464 0.981788
vt 0.306917 0.982708
vt 0.258646 0.982708
vt 0.355188 0.982708
vt 0.259300 0.981401
vt 0.307440 0.981401
vt 0.355580 0.981401
vt 0.403720 0.981401
vt 0.403710 0.981449
vt 0.403642 0.981788
vt 0.403458 0.982708
vt 0.403100 0.984501
vt 0.354650 0.984501
vt 0.306200 0.984501
vt 0.257750 0.984501
vt 0.451855 0.981449
vt 0.500000 0.981449
vt 0.500000 0.981788
vt 0.451821 0.981788
vt 0.548145 0.981449
vt 0.548179 0.981788
vt 0.500000 0.982708
vt 0.451729 0.982708
vt 0.548271 0.982708
vt 0.451860 0.981401
vt 0.500000 0.981401
vt 0.548140 0.981401
vt 0.596280 0.981401
vt 0.596290 0.981449
vt 0.596358 0.981788
vt 0.596542 0.982708
vt 0.596900 0.984501
vt 0.548450 0.984501
vt 0.500000 0.984501
vt 0.451550 0.984501
vt 0.644435 0.981449
vt 0.692580 0.981449
vt 0.692715 0.981788
vt 0.644537 0.981788
vt 0.740725 0.981449
vt 0.740894 0.981788
vt 0.693084 0.982708
vt 0.644813 0.982708
vt 0.741354 0.982708
vt 0.644420 0.981401
vt 0.692560 0.981401
vt 0.740700 0.981401
vt 0.742250 0.984501
vt 0.693800 0.984501
vt 0.645350 0.984501
vt 0.942482 0.992477
vt 0.897965 0.997956
vt 0.896221 0.996144
vt 0.937596 0.987558
vt 0.849717 0.999702
vt 0.849295 0.999179
vt 0.894885 0.994623
vt 0.935047 0.984916
vt 0.848576 0.998184
vt 0.799971 0.999952
vt 0.799768 0.999613
vt 0.799215 0.998692
vt 0.749976 0.999952
vt 0.699981 0.999952
vt 0.699845 0.999613
vt 0.749806 0.999613
vt 0.649986 0.999952
vt 0.649884 0.999613
vt 0.699477 0.998692
vt 0.749346 0.998692
vt 0.649608 0.998692
vt 0.750000 1.000000
vt 0.700000 1.000000
vt 0.650000 1.000000
vt 0.600000 1.000000
vt 0.599990 0.999952
vt 0.599923 0.999613
vt 0.599739 0.998692
vt 0.599380 0.996900
vt 0.649070 0.996900
vt 0.698760 0.996900
vt 0.748450 0.996900
vt 0.549995 0.999952
vt 0.500000 0.999952
vt 0.500000 0.999613
vt 0.549961 0.999613
vt 0.450005 0.999952
vt 0.450039 0.999613
vt 0.500000 0.998692
vt 0.549869 0.998692
vt 0.450131 0.998692
vt 0.550000 1.000000
vt 0.500000 1.000000
vt 0.450000 1.000000
vt 0.400000 1.000000
vt 0.400010 0.999952
vt 0.400078 0.999613
vt 0.400262 0.998692
vt 0.400620 0.996900
vt 0.450310 0.996900
vt 0.500000 0.996900
vt 0.549690 0.996900
vt 0.350015 0.999952
vt 0.300019 0.999952
vt 0.300155 0.999613
vt 0.350116 0.999613
vt 0.250024 0.999952
vt 0.250194 0.999613
vt 0.300523 0.998692
vt 0.350392 0.998692
vt 0.250654 0.998692
vt 0.350000 1.000000
vt 0.300000 1.000000
vt 0.250000 1.000000
vt 0.251550 0.996900
vt 0.301240 0.996900
vt 0.350930 0.996900
vt 0.075127 0.973604
vt 0.114213 0.983249
vt 0.111529 0.986611
vt 0.072171 0.976900
vt 0.159391 0.986802
vt 0.157021 0.990189
vt 0.108845 0.989973
vt 0.069215 0.980195
vt 0.154651 0.993576
vt 0.207614 0.987310
vt 0.205580 0.990700
vt 0.203546 0.994091
vt 0.256345 0.987310
vt 0.305076 0.987310
vt 0.303720 0.990700
vt 0.254650 0.990700
vt 0.353807 0.987310
vt 0.352790 0.990700
vt 0.302364 0.994091
vt 0.252955 0.994091
vt 0.351773 0.994091
vt 0.402538 0.987310
vt 0.401860 0.990700
vt 0.401182 0.994091
vt 0.451269 0.987310
vt 0.500000 0.987310
vt 0.500000 0.990700
vt 0.450930 0.990700
vt 0.548731 0.987310
vt 0.549070 0.990700
vt 0.500000 0.994091
vt 0.450591 0.994091
vt 0.549409 0.994091
vt 0.597462 0.987310
vt 0.598140 0.990700
vt 0.598818 0.994091
vt 0.646193 0.987310
vt 0.694924 0.987310
vt 0.696280 0.990700
vt 0.647210 0.990700
vt 0.743655 0.987310
vt 0.745350 0.990700
vt 0.697636 0.994091
vt 0.648227 0.994091
vt 0.747046 0.994091
vt 0.069634 0.978971
vt 0.068252 0.980818
vt 0.110166 0.987974
vt 0.113034 0.984176
vt 0.061290 0.988245
vt 0.105594 0.993476
vt 0.156851 0.990360
vt 0.159999 0.985816
vt 0.153489 0.995116
vt 0.202790 0.995350
vt 0.205580 0.990700
vt 0.208370 0.986050
vt 0.256975 0.986050
vt 0.254650 0.990700
vt 0.303720 0.990700
vt 0.305580 0.986051
vt 0.252325 0.995350
vt 0.301860 0.995350
vt 0.352790 0.990700
vt 0.354185 0.986051
vt 0.351395 0.995350
vt 0.400930 0.995350
vt 0.401860 0.990700
vt 0.402790 0.986050
vt 0.451395 0.986050
vt 0.450930 0.990700
vt 0.500000 0.990700
vt 0.500000 0.986051
vt 0.450465 0.995350
vt 0.500000 0.995350
vt 0.549070 0.990700
vt 0.548605 0.986051
vt 0.549535 0.995350
vt 0.599070 0.995350
vt 0.598140 0.990700
vt 0.597210 0.986051
vt 0.645815 0.986051
vt 0.647210 0.990700
vt 0.696280 0.990700
vt 0.694420 0.986051
vt 0.648605 0.995350
vt 0.698140 0.995350
vt 0.745350 0.990700
vt 0.743025 0.986051
vt 0.747675 0.995350
vt 0.974249 0.926104
vt 0.979518 0.883232
vt 0.978377 0.882046
vt 0.970152 0.921976
vt 0.981184 0.836759
vt 0.981168 0.836712
vt 0.978584 0.882116
vt 0.969349 0.921088
vt 0.981604 0.837036
vt 0.981401 0.933261
vt 0.981401 0.885121
vt 0.981401 0.836981
vt 0.981401 0.788841
vt 0.981401 0.788841
vt 0.981401 0.788840
vt 0.983063 0.838087
vt 0.980205 0.883408
vt 0.970842 0.922405
vt 0.982096 0.740987
vt 0.982523 0.692972
vt 0.981724 0.692677
vt 0.981586 0.740773
vt 0.982685 0.644799
vt 0.981780 0.644532
vt 0.981441 0.692575
vt 0.981424 0.740709
vt 0.981448 0.644434
vt 0.983568 0.741690
vt 0.984242 0.693645
vt 0.984468 0.645331
vt 0.984501 0.596900
vt 0.982709 0.596542
vt 0.981788 0.596358
vt 0.981449 0.596290
vt 0.981401 0.596280
vt 0.981401 0.644420
vt 0.981401 0.692560
vt 0.981401 0.740700
vt 0.982685 0.548276
vt 0.982523 0.500037
vt 0.981724 0.500013
vt 0.981780 0.548180
vt 0.982096 0.451852
vt 0.981587 0.451862
vt 0.981441 0.500002
vt 0.981448 0.548145
vt 0.981424 0.451860
vt 0.984468 0.548457
vt 0.984242 0.500052
vt 0.983568 0.451737
vt 0.981401 0.403720
vt 0.981401 0.403720
vt 0.981401 0.403720
vt 0.981401 0.451860
vt 0.981401 0.500000
vt 0.981401 0.548140
vt 0.981424 0.355570
vt 0.981441 0.307422
vt 0.981724 0.307298
vt 0.981587 0.355504
vt 0.981448 0.259276
vt 0.981780 0.259108
vt 0.982523 0.306954
vt 0.982096 0.355310
vt 0.982685 0.258650
vt 0.981401 0.355580
vt 0.981401 0.307440
vt 0.981401 0.259300
vt 0.984468 0.257756
vt 0.984242 0.306251
vt 0.983568 0.354836
vt 0.992477 0.057518
vt 0.997956 0.102035
vt 0.996144 0.103779
vt 0.987558 0.062404
vt 0.999702 0.150283
vt 0.999179 0.150705
vt 0.994623 0.105115
vt 0.984916 0.064953
vt 0.998184 0.151424
vt 0.999952 0.200029
vt 0.999613 0.200233
vt 0.998692 0.200785
vt 0.999952 0.250024
vt 0.999952 0.300019
vt 0.999613 0.300155
vt 0.999613 0.250194
vt 0.999952 0.350015
vt 0.999613 0.350116
vt 0.998692 0.300523
vt 0.998692 0.250654
vt 0.998692 0.350392
vt 1.000000 0.250000
vt 1.000000 0.300000
vt 1.000000 0.350000
vt 1.000000 0.400000
vt 0.999952 0.400010
vt 0.999613 0.400078
vt 0.998692 0.400262
vt 0.996900 0.400620
vt 0.996900 0.350930
vt 0.996900 0.301240
vt 0.996900 0.251550
vt 0.999952 0.450005
vt 0.999952 0.500000
vt 0.999613 0.500000
vt 0.999613 0.450039
vt 0.999952 0.549995
vt 0.999613 0.549961
vt 0.998692 0.500000
vt 0.998692 0.450131
vt 0.998692 0.549869
vt 1.000000 0.450000
vt 1.000000 0.500000
vt 1.000000 0.550000
vt 1.000000 0.600000
vt 0.999952 0.599990
vt 0.999613 0.599923
vt 0.998692 0.599738
vt 0.996900 0.599380
vt 0.996900 0.549690
vt 0.996900 0.500000
vt 0.996900 0.450310
vt 0.999952 0.649986
vt 0.999952 0.699981
vt 0.999613 0.699845
vt 0.999613 0.649884
vt 0.999952 0.749976
vt 0.999613 0.749806
vt 0.998692 0.699477
vt 0.998692 0.649608
vt 0.998692 0.749346
vt 1.000000 0.650000
vt 1.000000 0.700000
vt 1.000000 0.750000
vt 0.996900 0.748450
vt 0.996900 0.698760
vt 0.996900 0.649070
vt 0.973581 0.924859
vt 0.983063 0.885676
vt 0.986547 0.888432
vt 0.976891 0.927824
vt 0.986207 0.840256
vt 0.989995 0.842865
vt 0.989965 0.891150
vt 0.980194 0.930785
vt 0.993552 0.845335
vt 0.986196 0.791753
vt 0.990377 0.794239
vt 0.994051 0.796432
vt 0.986019 0.743015
vt 0.986002 0.694401
vt 0.990313 0.696125
vt 0.990321 0.745163
vt 0.986002 0.645801
vt 0.990313 0.647094
vt 0.994042 0.697617
vt 0.994044 0.747022
vt 0.994043 0.648213
vt 0.986002 0.597201
vt 0.990313 0.598063
vt 0.994042 0.598809
vt 0.986002 0.548600
vt 0.986002 0.500000
vt 0.990313 0.500000
vt 0.990313 0.549031
vt 0.986019 0.451393
vt 0.990321 0.450966
vt 0.994042 0.500000
vt 0.994043 0.549404
vt 0.994044 0.450595
vt 0.986196 0.402725
vt 0.990377 0.401912
vt 0.994051 0.401188
vt 0.986715 0.353923
vt 0.987124 0.305113
vt 0.990636 0.303733
vt 0.990507 0.352827
vt 0.987287 0.256350
vt 0.990692 0.254651
vt 0.994083 0.302365
vt 0.994067 0.351777
vt 0.994090 0.252955
vt 0.978971 0.930366
vt 0.980818 0.931748
vt 0.987974 0.889834
vt 0.984176 0.886966
vt 0.988245 0.938710
vt 0.993476 0.894406
vt 0.990368 0.843153
vt 0.985833 0.840008
vt 0.995117 0.846511
vt 0.995358 0.797213
vt 0.990765 0.794446
vt 0.986244 0.791711
vt 0.986763 0.743318
vt 0.990894 0.745426
vt 0.991023 0.696396
vt 0.987173 0.694832
vt 0.995374 0.747685
vt 0.995391 0.698155
vt 0.991080 0.647322
vt 0.987335 0.646194
vt 0.995398 0.648619
vt 0.995399 0.599080
vt 0.991088 0.598218
vt 0.987358 0.597472
vt 0.987335 0.548741
vt 0.991080 0.549110
vt 0.991023 0.500013
vt 0.987173 0.500037
vt 0.995398 0.549540
vt 0.995391 0.500002
vt 0.990894 0.450932
vt 0.986763 0.451387
vt 0.995375 0.450465
vt 0.995358 0.400930
vt 0.990765 0.401860
vt 0.986244 0.402787
vt 0.986068 0.354185
vt 0.990709 0.352790
vt 0.990701 0.303720
vt 0.986051 0.305580
vt 0.995351 0.351395
vt 0.995350 0.301860
vt 0.990700 0.254650
vt 0.986051 0.256975
vt 0.995350 0.252325
vt 0.926105 0.025750
vt 0.883237 0.020474
vt 0.882084 0.021558
vt 0.921981 0.029840
vt 0.836774 0.018791
vt 0.836834 0.018630
vt 0.882228 0.021231
vt 0.921102 0.030627
vt 0.837404 0.017784
vt 0.933261 0.018599
vt 0.885121 0.018599
vt 0.836981 0.018599
vt 0.788840 0.018599
vt 0.788870 0.018551
vt 0.789073 0.018212
vt 0.789625 0.017292
vt 0.790700 0.015499
vt 0.838646 0.016004
vt 0.883563 0.019537
vt 0.922424 0.029126
vt 0.740725 0.018551
vt 0.692580 0.018551
vt 0.692715 0.018212
vt 0.740894 0.018212
vt 0.644435 0.018551
vt 0.644536 0.018212
vt 0.693083 0.017292
vt 0.741354 0.017292
vt 0.644813 0.017292
vt 0.740700 0.018599
vt 0.692560 0.018599
vt 0.644420 0.018599
vt 0.596280 0.018599
vt 0.596290 0.018551
vt 0.596358 0.018212
vt 0.596542 0.017292
vt 0.596900 0.015499
vt 0.645350 0.015499
vt 0.693800 0.015499
vt 0.742250 0.015499
vt 0.548145 0.018551
vt 0.500000 0.018551
vt 0.500000 0.018212
vt 0.548179 0.018212
vt 0.451855 0.018551
vt 0.451821 0.018212
vt 0.500000 0.017292
vt 0.548271 0.017292
vt 0.451729 0.017292
vt 0.548140 0.018599
vt 0.500000 0.018599
vt 0.451860 0.018599
vt 0.403720 0.018599
vt 0.403710 0.018551
vt 0.403642 0.018212
vt 0.403458 0.017292
vt 0.403100 0.015499
vt 0.451550 0.015499
vt 0.500000 0.015499
vt 0.548450 0.015499
vt 0.355565 0.018551
vt 0.307420 0.018551
vt 0.307285 0.018212
vt 0.355464 0.018212
vt 0.259275 0.018551
vt 0.259106 0.018212
vt 0.306917 0.017292
vt 0.355188 0.017292
vt 0.258646 0.017292
vt 0.355580 0.018599
vt 0.307440 0.018599
vt 0.259300 0.018599
vt 0.257750 0.015499
vt 0.306200 0.015499
vt 0.354650 0.015499
vt 0.057518 0.007523
vt 0.102035 0.002045
vt 0.103779 0.003856
vt 0.062404 0.012443
vt 0.150283 0.000298
vt 0.150705 0.000821
vt 0.105115 0.005377
vt 0.064953 0.015084
vt 0.151424 0.001816
vt 0.200029 0.000048
vt 0.200233 0.000387
vt 0.200785 0.001308
vt 0.250024 0.000048
vt 0.300019 0.000048
vt 0.300155 0.000387
vt 0.250194 0.000387
vt 0.350015 0.000048
vt 0.350116 0.000387
vt 0.300523 0.001308
vt 0.250654 0.001308
vt 0.350392 0.001308
vt 0.250000 0.000000
vt 0.300000 0.000000
vt 0.350000 0.000000
vt 0.400000 0.000000
vt 0.400010 0.000048
vt 0.400078 0.000387
vt 0.400262 0.001308
vt 0.400620 0.003100
vt 0.350930 0.003100
vt 0.301240 0.003100
vt 0.251550 0.003100
vt 0.450005 0.000048
vt 0.500000 0.000048
vt 0.500000 0.000387
vt 0.450039 0.000387
vt 0.549995 0.000048
vt 0.549961 0.000387
vt 0.500000 0.001308
vt 0.450131 0.001308
vt 0.549869 0.001308
vt 0.450000 0.000000
vt 0.500000 0.000000
vt 0.550000 0.000000
vt 0.600000 0.000000
vt 0.599990 0.000048
vt 0.599923 0.000387
vt 0.599738 0.001308
vt 0.599380 0.003100
vt 0.549690 0.003100
vt 0.500000 0.003100
vt 0.450310 0.003100
vt 0.649986 0.000048
vt 0.699981 0.000048
vt 0.699845 0.000387
vt 0.649884 0.000387
vt 0.749976 0.000048
vt 0.749806 0.000387
vt 0.699477 0.001308
vt 0.649608 0.001308
vt 0.749346 0.001308
vt 0.650000 0.000000
vt 0.700000 0.000000
vt 0.750000 0.000000
vt 0.748450 0.003100
vt 0.698760 0.003100
vt 0.649070 0.003100
vt 0.924873 0.026396
vt 0.885787 0.016751
vt 0.888471 0.013389
vt 0.927829 0.023101
vt 0.840609 0.013198
vt 0.842979 0.009811
vt 0.891155 0.010027
vt 0.930786 0.019805
vt 0.845349 0.006424
vt 0.792386 0.012690
vt 0.794420 0.009300
vt 0.796455 0.005909
vt 0.743655 0.012690
vt 0.694924 0.012690
vt 0.696280 0.009300
vt 0.745350 0.009300
vt 0.646193 0.012690
vt 0.647210 0.009300
vt 0.697636 0.005909
vt 0.747046 0.005909
vt 0.648227 0.005909
vt 0.597462 0.012690
vt 0.598140 0.009300
vt 0.598818 0.005909
vt 0.548731 0.012690
vt 0.500000 0.012690
vt 0.500000 0.009300
vt 0.549070 0.009300
vt 0.451269 0.012690
vt 0.450930 0.009300
vt 0.500000 0.005909
vt 0.549409 0.005909
vt 0.450591 0.005909
vt 0.402538 0.012690
vt 0.401860 0.009300
vt 0.401182 0.005909
vt 0.353807 0.012690
vt 0.305076 0.012690
vt 0.303720 0.009300
vt 0.352790 0.009300
vt 0.256345 0.012690
vt 0.254650 0.009300
vt 0.302364 0.005909
vt 0.351773 0.005909
vt 0.252955 0.005909
vt 0.930366 0.021029
vt 0.931748 0.019182
vt 0.889834 0.012026
vt 0.886966 0.015824
vt 0.938710 0.011755
vt 0.894406 0.006524
vt 0.843150 0.009640
vt 0.840001 0.014184
vt 0.846511 0.004884
vt 0.797210 0.004650
vt 0.794420 0.009300
vt 0.791630 0.013949
vt 0.743025 0.013949
vt 0.696280 0.009300
vt 0.694420 0.013949
vt 0.747675 0.004650
vt 0.698140 0.004650
vt 0.647210 0.009300
vt 0.645815 0.013949
vt 0.648605 0.004650
vt 0.599070 0.004650
vt 0.597210 0.013949
vt 0.548605 0.013949
vt 0.500000 0.009300
vt 0.500000 0.013949
vt 0.549535 0.004650
vt 0.500000 0.004650
vt 0.450930 0.009300
vt 0.451395 0.013949
vt 0.450465 0.004650
vt 0.400930 0.004650
vt 0.401860 0.009300
vt 0.402790 0.013949
vt 0.354185 0.013949
vt 0.352790 0.009300
vt 0.303720 0.009300
vt 0.305580 0.013949
vt 0.351395 0.004650
vt 0.301860 0.004650
vt 0.254650 0.009300
vt 0.256975 0.013949
vt 0.252325 0.004650
vt 0.025750 0.073895
vt 0.020474 0.116763
vt 0.021558 0.117916
vt 0.029840 0.078019
vt 0.018791 0.163226
vt 0.018630 0.163167
vt 0.021231 0.117772
vt 0.030627 0.078898
vt 0.017784 0.162596
vt 0.018599 0.066739
vt 0.018599 0.114879
vt 0.018599 0.163020
vt 0.018599 0.211160
vt 0.018551 0.211131
vt 0.018212 0.210927
vt 0.017292 0.210375
vt 0.015499 0.209300
vt 0.016004 0.161354
vt 0.019537 0.116437
vt 0.029126 0.077576
vt 0.018551 0.259275
vt 0.018551 0.307420
vt 0.018212 0.307285
vt 0.018212 0.259106
vt 0.018551 0.355565
vt 0.018212 0.355464
vt 0.017292 0.306917
vt 0.017292 0.258646
vt 0.017292 0.355188
vt 0.018599 0.259300
vt 0.018599 0.307440
vt 0.018599 0.355580
vt 0.018599 0.403720
vt 0.018551 0.403710
vt 0.018212 0.403642
vt 0.017292 0.403458
vt 0.015499 0.403100
vt 0.015499 0.354650
vt 0.015499 0.306200
vt 0.015499 0.257750
vt 0.018552 0.451855
vt 0.018559 0.499998
vt 0.018276 0.499987
vt 0.018220 0.451820
vt 0.018576 0.548140
vt 0.018414 0.548139
vt 0.017477 0.499963
vt 0.017315 0.451725
vt 0.017904 0.548149
vt 0.018599 0.451860
vt 0.018599 0.500000
vt 0.018599 0.548140
vt 0.018599 0.596280
vt 0.018599 0.596280
vt 0.018599 0.596280
vt 0.016432 0.548263
vt 0.015758 0.499948
vt 0.015532 0.451544
vt 0.017927 0.644676
vt 0.017663 0.692935
vt 0.018341 0.692664
vt 0.018422 0.644491
vt 0.017927 0.740982
vt 0.018422 0.740772
vt 0.018567 0.692573
vt 0.018577 0.644429
vt 0.018577 0.740709
vt 0.016464 0.645145
vt 0.016016 0.693594
vt 0.016464 0.741684
vt 0.018599 0.740701
vt 0.018599 0.692560
vt 0.018599 0.644420
vt 0.007523 0.942482
vt 0.002045 0.897965
vt 0.003856 0.896221
vt 0.012443 0.937596
vt 0.000298 0.849717
vt 0.000821 0.849295
vt 0.005377 0.894885
vt 0.015084 0.935047
vt 0.001816 0.848576
vt 0.000048 0.799971
vt 0.000387 0.799768
vt 0.001308 0.799215
vt 0.000048 0.749976
vt 0.000048 0.699981
vt 0.000387 0.699845
vt 0.000387 0.749806
vt 0.000048 0.649986
vt 0.000387 0.649884
vt 0.001308 0.699477
vt 0.001308 0.749346
vt 0.001308 0.649608
vt 0.000000 0.750000
vt 0.000000 0.700000
vt 0.000000 0.650000
vt 0.000000 0.600000
vt 0.000048 0.599990
vt 0.000387 0.599923
vt 0.001308 0.599739
vt 0.003100 0.599380
vt 0.003100 0.649070
vt 0.003100 0.698760
vt 0.003100 0.748450
vt 0.000048 0.549995
vt 0.000048 0.500000
vt 0.000387 0.500000
vt 0.000387 0.549961
vt 0.000048 0.450005
vt 0.000387 0.450039
vt 0.001308 0.500000
vt 0.001308 0.549869
vt 0.001308 0.450131
vt 0.000000 0.550000
vt 0.000000 0.500000
vt 0.000000 0.450000
vt 0.000000 0.400000
vt 0.000048 0.400010
vt 0.000387 0.400078
vt 0.001308 0.400262
vt 0.003100 0.400620
vt 0.003100 0.450310
vt 0.003100 0.500000
vt 0.003100 0.549690
vt 0.000048 0.350015
vt 0.000048 0.300019
vt 0.000387 0.300155
vt 0.000387 0.350116
vt 0.000048 0.250024
vt 0.000387 0.250194
vt 0.001308 0.300523
vt 0.001308 0.350392
vt 0.001308 0.250654
vt 0.000000 0.350000
vt 0.000000 0.300000
vt 0.000000 0.250000
vt 0.003100 0.251550
vt 0.003100 0.301240
vt 0.003100 0.350930
vt 0.021029 0.069634
vt 0.019182 0.068252
vt 0.012026 0.110166
vt 0.015824 0.113034
vt 0.011755 0.061290
vt 0.006524 0.105594
vt 0.009640 0.156851
vt 0.014184 0.159999
vt 0.004884 0.153489
vt 0.004650 0.202790
vt 0.009300 0.205580
vt 0.013949 0.208370
vt 0.013949 0.256975
vt 0.009300 0.254650
vt 0.009300 0.303720
vt 0.013949 0.305580
vt 0.004650 0.252325
vt 0.004650 0.301860
vt 0.009300 0.352790
vt 0.013949 0.354185
vt 0.004650 0.351395
vt 0.004650 0.400930
vt 0.009300 0.401860
vt 0.013949 0.402790
vt 0.013949 0.451395
vt 0.009300 0.450930
vt 0.009300 0.500000
vt 0.013949 0.500000
vt 0.004650 0.450465
vt 0.004650 0.500000
vt 0.009292 0.549073
vt 0.013932 0.548612
vt 0.004649 0.549536
vt 0.004642 0.599073
vt 0.009235 0.598166
vt 0.013756 0.597284
vt 0.013260 0.646078
vt 0.009114 0.647284
vt 0.009041 0.696384
vt 0.013013 0.694795
vt 0.004627 0.648614
vt 0.004618 0.698153
vt 0.009114 0.745425
vt 0.013260 0.743314
vt 0.004627 0.747684
vt 0.026396 0.075127
vt 0.016751 0.114213
vt 0.013389 0.111529
vt 0.023101 0.072171
vt 0.013198 0.159391
vt 0.009811 0.157021
vt 0.010027 0.108845
vt 0.019805 0.069215
vt 0.006424 0.154651
vt 0.012690 0.207614
vt 0.009300 0.205580
vt 0.005909 0.203546
vt 0.012690 0.256345
vt 0.012690 0.305076
vt 0.009300 0.303720
vt 0.009300 0.254650
vt 0.012690 0.353807
vt 0.005909 0.302364
vt 0.005909 0.252955
vt 0.005909 0.351773
vt 0.012690 0.402538
vt 0.009300 0.401860
vt 0.005909 0.401182
vt 0.012713 0.451264
vt 0.012876 0.499963
vt 0.009364 0.499987
vt 0.009308 0.450928
vt 0.013286 0.548609
vt 0.009493 0.549030
vt 0.005917 0.499999
vt 0.005910 0.450591
vt 0.005933 0.549404
vt 0.013804 0.597204
vt 0.009623 0.598063
vt 0.005950 0.598809
vt 0.013981 0.645801
vt 0.013998 0.694401
vt 0.009687 0.696125
vt 0.009679 0.647094
vt 0.013981 0.743015
vt 0.009679 0.745163
vt 0.005958 0.697617
vt 0.005957 0.648213
vt 0.005957 0.747022
s 1
f 561/1/1 562/2/2 565/3/3 564/4/4
f 562/2/2 563/5/5 566/6/6 565/3/3
f 564/4/7 565/3/3 568/7/8 567/8/9
f 565/3/3 566/6/6 569/9/10 568/7/8
f 73/10/11 491/11/12 561/1/1 558/12/13
f 491/11/12 490/13/14 562/2/2 561/1/1
f 490/13/14 489/14/15 563/5/5 562/2/2
f 489/14/15 13/15/16 144/16/17 563/5/5
f 563/5/5 144/16/17 145/17/18 566/6/6
f 566/6/6 145/17/18 146/18/19 569/9/10
f 569/9/10 146/18/19 11/19/20 501/20/21
f 568/7/8 569/9/10 501/20/21 502/21/22
f 567/8/9 568/7/8 502/21/22 503/22/23
f 560/23/24 567/8/9 503/22/23 77/24/25
f 559/25/26 564/4/7 567/8/9 560/23/24
f 558/12/13 561/1/1 564/4/4 559/25/27
f 570/26/28 571/27/29 574/28/30 573/29/31
f 571/27/32 572/30/33 575/31/34 574/28/30
f 573/29/31 574/28/30 577/32/35 576/33/36
f 574/28/30 575/31/34 578/34/37 577/32/35
f 65/35/38 548/36/39 570/26/28 467/37/40
f 548/36/39 547/38/41 571/27/29 570/26/28
f 547/38/42 546/39/43 572/30/33 571/27/32
f 546/39/43 69/40/44 479/41/45 572/30/33
f 572/30/33 479/41/45 478/42/46 575/31/34
f 575/31/34 478/42/46 477/43/47 578/34/37
f 578/34/37 477/43/47 3/44/48 110/45/49
f 577/32/35 578/34/37 110/45/49 109/46/50
f 576/33/36 577/32/35 109/46/50 108/47/51
f 465/48/52 576/33/36 108/47/51 5/49/53
f 466/50/54 573/29/31 576/33/36 465/48/52
f 467/37/40 570/26/28 573/29/31 466/50/54
f 579/51/55 580/52/56 583/53/57 582/54/58
f 580/52/59 581/55/60 584/56/61 583/53/57
f 582/54/58 583/53/57 586/57/62 585/58/63
f 583/53/57 584/56/61 587/59/64 586/57/62
f 49/60/65 464/61/66 579/51/55 371/62/67
f 464/61/66 463/63/68 580/52/56 579/51/55
f 463/63/69 462/64/70 581/55/60 580/52/59
f 462/64/70 53/65/71 383/66/72 581/55/60
f 581/55/60 383/66/72 382/67/73 584/56/61
f 584/56/61 382/67/73 381/68/74 587/59/64
f 587/59/64 381/68/74 1/69/75 105/70/76
f 586/57/62 587/59/64 105/70/76 106/71/77
f 585/58/63 586/57/62 106/71/77 107/72/78
f 369/73/79 585/58/63 107/72/78 6/74/80
f 370/75/81 582/54/58 585/58/63 369/73/79
f 371/62/67 579/51/55 582/54/58 370/75/81
f 588/76/82 589/77/83 592/78/84 591/79/85
f 589/77/86 590/80/87 593/81/88 592/78/84
f 591/79/85 592/78/84 595/82/89 594/83/90
f 592/78/84 593/81/88 596/84/91 595/82/89
f 33/85/92 368/86/93 588/76/82 275/87/94
f 368/86/93 367/88/95 589/77/83 588/76/82
f 367/88/96 366/89/97 590/80/87 589/77/86
f 366/89/97 37/90/98 287/91/99 590/80/87
f 590/80/87 287/91/99 286/92/100 593/81/88
f 593/81/88 286/92/100 285/93/101 596/84/91
f 596/84/91 285/93/101 2/94/102 111/95/103
f 595/82/89 596/84/91 111/95/103 112/96/104
f 594/83/90 595/82/89 112/96/104 113/97/105
f 273/98/106 594/83/90 113/97/105 7/99/107
f 274/100/108 591/79/85 594/83/90 273/98/106
f 275/87/94 588/76/82 591/79/85 274/100/108
f 597/101/109 598/102/110 601/103/111 600/104/112
f 598/102/113 599/105/114 602/106/115 601/103/111
f 600/104/112 601/103/111 604/107/116 603/108/117
f 601/103/111 602/106/115 605/109/118 604/107/116
f 17/110/119 272/111/120 597/101/109 179/112/121
f 272/111/120 271/113/122 598/102/110 597/101/109
f 271/113/123 270/114/124 599/105/114 598/102/113
f 270/114/124 21/115/125 191/116/126 599/105/114
f 599/105/114 191/116/126 190/117/127 602/106/115
f 602/106/115 190/117/127 189/118/128 605/109/118
f 605/109/118 189/118/128 4/119/129 114/120/130
f 604/107/116 605/109/118 114/120/130 115/121/131
f 603/108/117 604/107/116 115/121/131 116/122/132
f 177/123/133 603/108/117 116/122/132 8/124/134
f 178/125/135 600/104/112 603/108/117 177/123/133
f 179/112/121 597/101/109 600/104/112 178/125/135
f 606/126/136 607/127/137 610/128/138 609/129/139
f 607/127/137 608/130/140 611/131/141 610/128/138
f 609/129/142 610/128/138 613/132/143 612/133/144
f 610/128/138 611/131/141 614/134/145 613/132/143
f 57/135/146 395/136/147 606/126/136 450/137/148
f 395/136/147 394/138/149 607/127/137 606/126/136
f 394/138/149 393/139/150 608/130/140 607/127/137
f 393/139/150 14/140/151 143/141/152 608/130/140
f 608/130/140 143/141/152 142/142/153 611/131/141
f 611/131/141 142/142/153 141/143/154 614/134/145
f 614/134/145 141/143/154 9/144/155 405/145/156
f 613/132/143 614/134/145 405/145/156 406/146/157
f 612/133/144 613/132/143 406/146/157 407/147/158
f 452/148/159 612/133/144 407/147/158 61/149/160
f 451/150/161 609/129/142 612/133/144 452/148/159
f 450/137/148 606/126/136 609/129/139 451/150/162
f 615/151/163 616/152/164 619/153/165 618/154/166
f 616/152/164 617/155/167 620/156/168 619/153/165
f 618/154/169 619/153/165 622/157/170 621/158/171
f 619/153/165 620/156/168 623/159/172 622/157/170
f 41/160/173 299/161/174 615/151/163 354/162/175
f 299/161/174 298/163/176 616/152/164 615/151/163
f 298/163/176 297/164/177 617/155/167 616/152/164
f 297/164/177 15/165/178 149/166/179 617/155/167
f 617/155/167 149/166/179 148/167/180 620/156/168
f 620/156/168 148/167/180 147/168/181 623/159/172
f 623/159/172 147/168/181 10/169/182 309/170/183
f 622/157/170 623/159/172 309/170/183 310/171/184
f 621/158/171 622/157/170 310/171/184 311/172/185
f 356/173/186 621/158/171 311/172/185 45/174/187
f 355/175/188 618/154/169 621/158/171 356/173/186
f 354/162/175 615/151/163 618/154/166 355/175/189
f 624/176/190 625/177/191 628/178/192 627/179/193
f 625/177/191 626/180/194 629/181/195 628/178/192
f 627/179/196 628/178/192 631/182/197 630/183/198
f 628/178/192 629/181/195 632/184/199 631/182/197
f 25/185/200 203/186/201 624/176/190 258/187/202
f 203/186/201 202/188/203 625/177/191 624/176/190
f 202/188/203 201/189/204 626/180/194 625/177/191
f 201/189/204 16/190/205 152/191/206 626/180/194
f 626/180/194 152/191/206 151/192/207 629/181/195
f 629/181/195 151/192/207 150/193/208 632/184/199
f 632/184/199 150/193/208 12/194/209 213/195/210
f 631/182/197 632/184/199 213/195/210 214/196/211
f 630/183/198 631/182/197 214/196/211 215/197/212
f 260/198/213 630/183/198 215/197/212 29/199/214
f 259/200/215 627/179/196 630/183/198 260/198/213
f 258/187/202 624/176/190 627/179/193 259/200/216
f 633/201/217 634/202/218 637/203/219 636/204/220
f 634/202/218 635/205/221 638/206/222 637/203/219
f 636/204/220 637/203/219 640/207/223 639/208/224
f 637/203/219 638/206/222 641/209/225 640/207/223
f 40/210/226 99/211/227 633/201/217 342/212/228
f 99/211/227 100/213/229 634/202/218 633/201/217
f 100/213/229 101/214/230 635/205/221 634/202/218
f 101/214/230 4/119/129 153/215/231 635/205/221
f 635/205/221 153/215/231 154/216/232 638/206/222
f 638/206/222 154/216/232 155/217/233 641/209/225
f 641/209/225 155/217/233 12/194/209 137/218/234
f 640/207/223 641/209/225 137/218/234 136/219/235
f 639/208/224 640/207/223 136/219/235 135/220/236
f 344/221/237 639/208/224 135/220/236 48/222/238
f 343/223/239 636/204/220 639/208/224 344/221/237
f 342/212/228 633/201/217 636/204/220 343/223/239
f 642/224/240 643/225/241 646/226/242 645/227/243
f 643/225/241 644/228/244 647/229/245 646/226/242
f 645/227/243 646/226/242 649/230/246 648/231/247
f 646/226/242 647/229/245 650/232/248 649/230/246
f 72/233/249 93/234/250 642/224/240 534/235/251
f 93/234/250 94/236/252 643/225/241 642/224/240
f 94/236/252 95/237/253 644/228/244 643/225/241
f 95/237/253 1/69/75 159/238/254 644/228/244
f 644/228/244 159/238/254 160/239/255 647/229/245
f 647/229/245 160/239/255 161/240/256 650/232/248
f 650/232/248 161/240/256 9/144/155 131/241/257
f 649/230/246 650/232/248 131/241/257 130/242/258
f 648/231/247 649/230/246 130/242/258 129/243/259
f 536/244/260 648/231/247 129/243/259 80/245/261
f 535/246/262 645/227/243 648/231/247 536/244/260
f 534/235/251 642/224/240 645/227/243 535/246/262
f 651/247/263 652/248/264 655/249/265 654/250/266
f 652/248/264 653/251/267 656/252/268 655/249/265
f 654/250/266 655/249/265 658/253/269 657/254/270
f 655/249/265 656/252/268 659/255/271 658/253/269
f 33/85/92 275/87/94 651/247/263 330/256/272
f 275/87/94 274/100/108 652/248/264 651/247/263
f 274/100/108 273/98/106 653/251/267 652/248/264
f 273/98/106 7/99/107 165/257/273 653/251/267
f 653/251/267 165/257/273 166/258/274 656/252/268
f 656/252/268 166/258/274 167/259/275 659/255/271
f 659/255/271 167/259/275 15/165/178 297/164/177
f 658/253/269 659/255/271 297/164/177 298/163/176
f 657/254/270 658/253/269 298/163/176 299/161/174
f 332/260/276 657/254/270 299/161/174 41/160/173
f 331/261/277 654/250/266 657/254/270 332/260/276
f 330/256/272 651/247/263 654/250/266 331/261/277
f 660/262/278 661/263/279 664/264/280 663/265/281
f 661/263/279 662/266/282 665/267/283 664/264/280
f 663/265/281 664/264/280 667/268/284 666/269/285
f 664/264/280 665/267/283 668/270/286 667/268/284
f 65/35/38 467/37/40 660/262/278 522/271/287
f 467/37/40 466/50/54 661/263/279 660/262/278
f 466/50/54 465/48/52 662/266/282 661/263/279
f 465/48/52 5/49/53 171/272/288 662/266/282
f 662/266/282 171/272/288 172/273/289 665/267/283
f 665/267/283 172/273/289 173/274/290 668/270/286
f 668/270/286 173/274/290 13/15/16 489/14/15
f 667/268/284 668/270/286 489/14/15 490/13/14
f 666/269/285 667/268/284 490/13/14 491/11/12
f 524/275/291 666/269/285 491/11/12 73/10/11
f 523/271/292 663/265/281 666/269/285 524/275/291
f 522/271/287 660/262/278 663/265/281 523/271/292
f 669/276/293 670/277/294 673/278/295 672/279/296
f 670/277/294 671/280/297 674/281/298 673/278/295
f 672/279/296 673/278/295 676/282/299 675/283/300
f 673/278/295 674/281/298 677/284/301 676/282/299
f 24/285/302 102/286/303 669/276/293 246/287/304
f 102/286/303 103/288/305 670/277/294 669/276/293
f 103/288/305 104/289/306 671/280/297 670/277/294
f 104/289/306 3/44/48 164/290/307 671/280/297
f 671/280/297 164/290/307 163/291/274 674/281/298
f 674/281/298 163/291/274 162/292/308 677/284/301
f 677/284/301 162/292/308 11/19/20 140/293/309
f 676/282/299 677/284/301 140/293/309 139/294/310
f 675/283/300 676/282/299 139/294/310 138/295/311
f 248/296/312 675/283/300 138/295/311 32/297/313
f 247/298/314 672/279/296 675/283/300 248/296/312
f 246/287/304 669/276/293 672/279/296 247/298/314
f 678/299/315 679/300/316 682/301/317 681/302/318
f 679/300/316 680/303/319 683/304/320 682/301/317
f 681/302/318 682/301/317 685/305/321 684/306/322
f 682/301/317 683/304/320 686/307/323 685/305/321
f 56/308/324 96/309/325 678/299/315 438/310/326
f 96/309/325 97/311/327 679/300/316 678/299/315
f 97/311/327 98/312/328 680/303/319 679/300/316
f 98/312/328 2/94/102 158/313/329 680/303/319
f 680/303/319 158/313/329 157/314/289 683/304/320
f 683/304/320 157/314/289 156/315/330 686/307/323
f 686/307/323 156/315/330 10/169/182 134/316/331
f 685/305/321 686/307/323 134/316/331 133/317/332
f 684/306/322 685/305/321 133/317/332 132/318/333
f 440/319/334 684/306/322 132/318/333 64/320/335
f 439/321/336 681/302/318 684/306/322 440/319/334
f 438/310/326 678/299/315 681/302/318 439/321/336
f 687/322/337 688/323/338 691/324/339 690/325/340
f 688/323/338 689/326/341 692/327/342 691/324/339
f 690/325/340 691/324/339 694/328/343 693/329/344
f 691/324/339 692/327/342 695/330/345 694/328/343
f 17/110/119 179/112/121 687/322/337 234/331/346
f 179/112/121 178/125/135 688/323/338 687/322/337
f 178/125/135 177/123/133 689/326/341 688/323/338
f 177/123/133 8/124/134 170/332/347 689/326/341
f 689/326/341 170/332/347 169/333/255 692/327/342
f 692/327/342 169/333/255 168/334/348 695/330/345
f 695/330/345 168/334/348 16/190/205 201/189/204
f 694/328/343 695/330/345 201/189/204 202/188/203
f 693/329/344 694/328/343 202/188/203 203/186/201
f 236/335/349 693/329/344 203/186/201 25/185/200
f 235/336/350 690/325/340 693/329/344 236/335/349
f 234/331/346 687/322/337 690/325/340 235/336/350
f 696/337/351 697/338/352 700/339/353 699/340/354
f 697/338/352 698/341/355 701/342/356 700/339/353
f 699/340/354 700/339/353 703/343/357 702/344/358
f 700/339/353 701/342/356 704/345/359 703/343/357
f 49/60/65 371/62/67 696/337/351 426/346/360
f 371/62/67 370/75/81 697/338/352 696/337/351
f 370/75/81 369/73/79 698/341/355 697/338/352
f 369/73/79 6/74/80 176/347/361 698/341/355
f 698/341/355 176/347/361 175/348/232 701/342/356
f 701/342/356 175/348/232 174/349/362 704/345/359
f 704/345/359 174/349/362 14/140/151 393/139/150
f 703/343/357 704/345/359 393/139/150 394/138/149
f 702/344/358 703/343/357 394/138/149 395/136/147
f 428/350/363 702/344/358 395/136/147 57/135/146
f 427/351/364 699/340/354 702/344/358 428/350/363
f 426/346/360 696/337/351 699/340/354 427/351/364
f 705/352/365 706/353/366 709/354/367 708/355/368
f 706/353/366 707/356/369 710/357/370 709/354/367
f 708/355/368 709/354/367 712/358/371 711/359/372
f 709/354/367 710/357/370 713/360/373 712/358/371
f 5/49/53 92/361/374 705/352/365 171/272/288
f 92/361/374 91/362/375 706/353/366 705/352/365
f 91/362/375 90/363/376 707/356/369 706/353/366
f 90/363/376 20/364/377 225/365/378 707/356/369
f 707/356/369 225/365/378 226/366/379 710/357/370
f 710/357/370 226/366/379 227/367/380 713/360/373
f 713/360/373 227/367/380 28/368/381 126/369/382
f 712/358/371 713/360/373 126/369/382 127/370/383
f 711/359/372 712/358/371 127/370/383 128/371/384
f 173/274/290 711/359/372 128/371/384 13/15/16
f 172/273/289 708/355/368 711/359/372 173/274/290
f 171/272/288 705/352/365 708/355/368 172/273/289
f 714/372/385 715/373/385 718/374/386 717/375/386
f 715/373/385 716/376/385 719/377/386 718/374/386
f 717/375/386 718/374/386 721/378/387 720/379/387
f 718/374/386 719/377/386 722/380/387 721/378/387
f 20/364/377 188/381/388 714/372/385 225/365/378
f 188/381/388 187/382/388 715/373/385 714/372/385
f 187/382/388 186/383/388 716/376/385 715/373/385
f 186/383/388 19/384/388 228/385/385 716/376/385
f 716/376/385 228/385/385 229/386/386 719/377/386
f 719/377/386 229/386/386 230/387/387 722/380/387
f 722/380/387 230/387/387 27/388/389 210/389/389
f 721/378/387 722/380/387 210/389/389 211/390/389
f 720/379/387 721/378/387 211/390/389 212/391/389
f 227/367/380 720/379/387 212/391/389 28/368/381
f 226/366/379 717/375/386 720/379/387 227/367/380
f 225/365/378 714/372/385 717/375/386 226/366/379
f 723/392/385 724/393/385 727/394/386 726/395/386
f 724/393/385 725/396/385 728/397/386 727/394/386
f 726/395/386 727/394/386 730/398/387 729/399/387
f 727/394/386 728/397/386 731/400/387 730/398/387
f 19/384/388 185/401/388 723/392/385 228/385/385
f 185/401/388 184/402/388 724/393/385 723/392/385
f 184/402/388 183/403/388 725/396/385 724/393/385
f 183/403/388 18/404/388 231/405/385 725/396/385
f 725/396/385 231/405/385 232/406/386 728/397/386
f 728/397/386 232/406/386 233/407/387 731/400/387
f 731/400/387 233/407/387 26/408/389 207/409/389
f 730/398/387 731/400/387 207/409/389 208/410/389
f 729/399/387 730/398/387 208/410/389 209/411/389
f 230/387/387 729/399/387 209/411/389 27/388/389
f 229/386/386 726/395/386 729/399/387 230/387/387
f 228/385/385 723/392/385 726/395/386 229/386/386
f 732/412/385 733/413/385 736/414/386 735/415/386
f 733/413/385 734/416/385 737/417/386 736/414/386
f 735/415/386 736/414/386 739/418/387 738/419/387
f 736/414/386 737/417/386 740/420/387 739/418/387
f 18/404/388 182/421/388 732/412/385 231/405/385
f 182/421/388 181/422/388 733/413/385 732/412/385
f 181/422/388 180/423/388 734/416/385 733/413/385
f 180/423/388 17/110/119 234/331/346 734/416/385
f 734/416/385 234/331/346 235/336/350 737/417/386
f 737/417/386 235/336/350 236/335/349 740/420/387
f 740/420/387 236/335/349 25/185/200 204/424/389
f 739/418/387 740/420/387 204/424/389 205/425/389
f 738/419/387 739/418/387 205/425/389 206/426/389
f 233/407/387 738/419/387 206/426/389 26/408/389
f 232/406/386 735/415/386 738/419/387 233/407/387
f 231/405/385 732/412/385 735/415/386 232/406/386
f 741/427/390 742/428/391 745/429/392 744/430/393
f 742/428/391 743/431/394 746/432/395 745/429/392
f 744/430/393 745/429/392 748/433/396 747/434/397
f 745/429/392 746/432/395 749/435/398 748/433/396
f 4/119/129 189/118/128 741/427/390 153/215/231
f 189/118/128 190/117/127 742/428/391 741/427/390
f 190/117/127 191/116/126 743/431/394 742/428/391
f 191/116/126 21/115/125 237/436/399 743/431/394
f 743/431/394 237/436/399 238/437/400 746/432/395
f 746/432/395 238/437/400 239/438/401 749/435/398
f 749/435/398 239/438/401 29/199/214 215/197/212
f 748/433/396 749/435/398 215/197/212 214/196/211
f 747/434/397 748/433/396 214/196/211 213/195/210
f 155/217/233 747/434/397 213/195/210 12/194/209
f 154/216/232 744/430/393 747/434/397 155/217/233
f 153/215/231 741/427/390 744/430/393 154/216/232
f 750/439/402 751/440/402 754/441/403 753/442/403
f 751/440/402 752/443/402 755/444/403 754/441/403
f 753/442/403 754/441/403 757/445/404 756/446/404
f 754/441/403 755/444/403 758/447/404 757/445/404
f 21/115/125 192/448/405 750/439/402 237/436/399
f 192/448/405 193/449/405 751/440/402 750/439/402
f 193/449/405 194/450/405 752/443/402 751/440/402
f 194/450/405 22/451/405 240/452/402 752/443/402
f 752/443/402 240/452/402 241/453/403 755/444/403
f 755/444/403 241/453/403 242/454/404 758/447/404
f 758/447/404 242/454/404 30/455/406 218/456/406
f 757/445/404 758/447/404 218/456/406 217/457/406
f 756/446/404 757/445/404 217/457/406 216/458/406
f 239/438/401 756/446/404 216/458/406 29/199/214
f 238/437/400 753/442/403 756/446/404 239/438/401
f 237/436/399 750/439/402 753/442/403 238/437/400
f 759/459/402 760/460/402 763/461/403 762/462/403
f 760/460/402 761/463/402 764/464/403 763/461/403
f 762/462/403 763/461/403 766/465/404 765/466/404
f 763/461/403 764/464/403 767/467/404 766/465/404
f 22/451/405 195/468/405 759/459/402 240/452/402
f 195/468/405 196/469/405 760/460/402 759/459/402
f 196/469/405 197/470/405 761/463/402 760/460/402
f 197/470/405 23/471/405 243/472/402 761/463/402
f 761/463/402 243/472/402 244/473/403 764/464/403
f 764/464/403 244/473/403 245/474/404 767/467/404
f 767/467/404 245/474/404 31/475/406 221/476/406
f 766/465/404 767/467/404 221/476/406 220/477/406
f 765/466/404 766/465/404 220/477/406 219/478/406
f 242/454/404 765/466/404 219/478/406 30/455/406
f 241/453/403 762/462/403 765/466/404 242/454/404
f 240/452/402 759/459/402 762/462/403 241/453/403
f 768/479/402 769/480/402 772/481/403 771/482/403
f 769/480/402 770/483/402 773/484/403 772/481/403
f 771/482/403 772/481/403 775/485/404 774/486/404
f 772/481/403 773/484/403 776/487/404 775/485/404
f 23/471/405 198/488/405 768/479/402 243/472/402
f 198/488/405 199/489/405 769/480/402 768/479/402
f 199/489/405 200/490/405 770/483/402 769/480/402
f 200/490/405 24/285/302 246/287/304 770/483/402
f 770/483/402 246/287/304 247/298/314 773/484/403
f 773/484/403 247/298/314 248/296/312 776/487/404
f 776/487/404 248/296/312 32/297/313 224/491/406
f 775/485/404 776/487/404 224/491/406 223/492/406
f 774/486/404 775/485/404 223/492/406 222/493/406
f 245/474/404 774/486/404 222/493/406 31/475/406
f 244/473/403 771/482/403 774/486/404 245/474/404
f 243/472/402 768/479/402 771/482/403 244/473/403
f 777/494/407 778/495/408 781/496/409 780/497/410
f 778/495/408 779/498/411 782/499/412 781/496/409
f 780/497/410 781/496/409 784/500/413 783/501/414
f 781/496/409 782/499/415 785/502/416 784/500/413
f 13/15/16 128/371/384 777/494/407 144/16/17
f 128/371/384 127/370/383 778/495/408 777/494/407
f 127/370/383 126/369/382 779/498/411 778/495/408
f 126/369/382 28/368/381 249/503/417 779/498/411
f 779/498/411 249/503/417 250/504/418 782/499/412
f 782/499/415 250/504/419 251/505/420 785/502/416
f 785/502/416 251/505/420 32/297/313 138/295/311
f 784/500/413 785/502/416 138/295/311 139/294/310
f 783/501/414 784/500/413 139/294/310 140/293/309
f 146/18/19 783/501/414 140/293/309 11/19/20
f 145/17/18 780/497/410 783/501/414 146/18/19
f 144/16/17 777/494/407 780/497/410 145/17/18
f 786/506/421 787/507/421 790/508/422 789/509/422
f 787/507/421 788/510/421 791/511/422 790/508/422
f 789/509/423 790/508/423 793/512/424 792/513/424
f 790/508/423 791/511/423 794/514/424 793/512/424
f 28/368/381 212/391/389 786/506/421 249/503/417
f 212/391/389 211/390/389 787/507/421 786/506/421
f 211/390/389 210/389/389 788/510/421 787/507/421
f 210/389/389 27/388/389 252/515/421 788/510/421
f 788/510/421 252/515/421 253/516/422 791/511/422
f 791/511/423 253/516/423 254/517/424 794/514/424
f 794/514/424 254/517/424 31/475/406 222/493/406
f 793/512/424 794/514/424 222/493/406 223/492/406
f 792/513/424 793/512/424 223/492/406 224/491/406
f 251/505/420 792/513/424 224/491/406 32/297/313
f 250/504/419 789/509/423 792/513/424 251/505/420
f 249/503/417 786/506/421 789/509/422 250/504/418
f 795/518/421 796/519/421 799/520/422 798/521/422
f 796/519/421 797/522/421 800/523/422 799/520/422
f 798/521/423 799/520/423 802/524/424 801/525/424
f 799/520/423 800/523/423 803/526/424 802/524/424
f 27/388/389 209/411/389 795/518/421 252/515/421
f 209/411/389 208/410/389 796/519/421 795/518/421
f 208/410/389 207/409/389 797/522/421 796/519/421
f 207/409/389 26/408/389 255/527/421 797/522/421
f 797/522/421 255/527/421 256/528/422 800/523/422
f 800/523/423 256/528/423 257/529/424 803/526/424
f 803/526/424 257/529/424 30/455/406 219/478/406
f 802/524/424 803/526/424 219/478/406 220/477/406
f 801/525/424 802/524/424 220/477/406 221/476/406
f 254/517/424 801/525/424 221/476/406 31/475/406
f 253/516/423 798/521/423 801/525/424 254/517/424
f 252/515/421 795/518/421 798/521/422 253/516/422
f 804/530/421 805/531/421 808/532/422 807/533/422
f 805/531/421 806/534/421 809/535/422 808/532/422
f 807/533/423 808/532/423 811/536/424 810/537/424
f 808/532/423 809/535/423 812/538/424 811/536/424
f 26/408/389 206/426/389 804/530/421 255/527/421
f 206/426/389 205/425/389 805/531/421 804/530/421
f 205/425/389 204/424/389 806/534/421 805/531/421
f 204/424/389 25/185/200 258/187/202 806/534/421
f 806/534/421 258/187/202 259/200/216 809/535/422
f 809/535/423 259/200/215 260/198/213 812/538/424
f 812/538/424 260/198/213 29/199/214 216/458/406
f 811/536/424 812/538/424 216/458/406 217/457/406
f 810/537/424 811/536/424 217/457/406 218/456/406
f 257/529/424 810/537/424 218/456/406 30/455/406
f 256/528/423 807/533/423 810/537/424 257/529/424
f 255/527/421 804/530/421 807/533/422 256/528/422
f 813/539/425 814/540/426 817/541/427 816/542/428
f 814/540/426 815/543/429 818/544/430 817/541/427
f 816/542/428 817/541/427 820/545/431 819/546/432
f 817/541/427 818/544/430 821/547/433 820/545/434
f 5/49/53 108/47/51 813/539/425 92/361/374
f 108/47/51 109/46/50 814/540/426 813/539/425
f 109/46/50 110/45/49 815/543/429 814/540/426
f 110/45/49 3/44/48 104/289/306 815/543/429
f 815/543/429 104/289/306 103/288/305 818/544/430
f 818/544/430 103/288/305 102/286/303 821/547/433
f 821/547/433 102/286/303 24/285/302 261/548/435
f 820/545/434 821/547/433 261/548/435 262/549/436
f 819/546/432 820/545/431 262/549/437 263/550/438
f 90/363/376 819/546/432 263/550/438 20/364/377
f 91/362/375 816/542/428 819/546/432 90/363/376
f 92/361/374 813/539/425 816/542/428 91/362/375
f 822/551/439 823/552/440 826/553/440 825/554/439
f 823/552/441 824/555/442 827/556/442 826/553/441
f 825/554/439 826/553/440 829/557/440 828/558/439
f 826/553/441 827/556/442 830/559/442 829/557/441
f 20/364/377 263/550/438 822/551/439 188/381/388
f 263/550/438 262/549/437 823/552/440 822/551/439
f 262/549/436 261/548/435 824/555/442 823/552/441
f 261/548/435 24/285/302 200/490/405 824/555/442
f 824/555/442 200/490/405 199/489/405 827/556/442
f 827/556/442 199/489/405 198/488/405 830/559/442
f 830/559/442 198/488/405 23/471/405 264/560/442
f 829/557/441 830/559/442 264/560/442 265/561/441
f 828/558/439 829/557/440 265/561/440 266/562/439
f 186/383/388 828/558/439 266/562/439 19/384/388
f 187/382/388 825/554/439 828/558/439 186/383/388
f 188/381/388 822/551/439 825/554/439 187/382/388
f 831/563/439 832/564/440 835/565/440 834/566/439
f 832/564/441 833/567/442 836/568/442 835/565/441
f 834/566/439 835/565/440 838/569/440 837/570/439
f 835/565/441 836/568/442 839/571/442 838/569/441
f 19/384/388 266/562/439 831/563/439 185/401/388
f 266/562/439 265/561/440 832/564/440 831/563/439
f 265/561/441 264/560/442 833/567/442 832/564/441
f 264/560/442 23/471/405 197/470/405 833/567/442
f 833/567/442 197/470/405 196/469/405 836/568/442
f 836/568/442 196/469/405 195/468/405 839/571/442
f 839/571/442 195/468/405 22/451/405 267/572/442
f 838/569/441 839/571/442 267/572/442 268/573/441
f 837/570/439 838/569/440 268/573/440 269/574/439
f 183/403/388 837/570/439 269/574/439 18/404/388
f 184/402/388 834/566/439 837/570/439 183/403/388
f 185/401/388 831/563/439 834/566/439 184/402/388
f 840/575/439 841/576/440 844/577/440 843/578/439
f 841/576/441 842/579/442 845/580/442 844/577/441
f 843/578/439 844/577/440 847/581/440 846/582/439
f 844/577/441 845/580/442 848/583/442 847/581/441
f 18/404/388 269/574/439 840/575/439 182/421/388
f 269/574/439 268/573/440 841/576/440 840/575/439
f 268/573/441 267/572/442 842/579/442 841/576/441
f 267/572/442 22/451/405 194/450/405 842/579/442
f 842/579/442 194/450/405 193/449/405 845/580/442
f 845/580/442 193/449/405 192/448/405 848/583/442
f 848/583/442 192/448/405 21/115/125 270/114/124
f 847/581/441 848/583/442 270/114/124 271/113/123
f 846/582/439 847/581/440 271/113/122 272/111/120
f 180/423/388 846/582/439 272/111/120 17/110/119
f 181/422/388 843/578/439 846/582/439 180/423/388
f 182/421/388 840/575/439 843/578/439 181/422/388
f 849/584/443 850/585/444 853/586/445 852/587/446
f 850/585/444 851/588/447 854/589/448 853/586/445
f 852/587/446 853/586/445 856/590/449 855/591/450
f 853/586/445 854/589/448 857/592/451 856/590/449
f 8/124/134 89/593/452 849/584/443 170/332/347
f 89/593/452 88/594/453 850/585/444 849/584/443
f 88/594/453 87/595/454 851/588/447 850/585/444
f 87/595/454 36/596/455 321/597/456 851/588/447
f 851/588/447 321/597/456 322/597/457 854/589/448
f 854/589/448 322/597/457 323/597/458 857/592/451
f 857/592/451 323/597/458 44/598/459 123/599/460
f 856/590/449 857/592/451 123/599/460 124/600/461
f 855/591/450 856/590/449 124/600/461 125/601/462
f 168/334/348 855/591/450 125/601/462 16/190/205
f 169/333/255 852/587/446 855/591/450 168/334/348
f 170/332/347 849/584/443 852/587/446 169/333/255
f 858/602/463 859/603/463 862/604/464 861/605/464
f 859/603/463 860/606/463 863/607/464 862/604/464
f 861/605/464 862/604/464 865/608/465 864/609/465
f 862/604/464 863/607/464 866/610/465 865/608/465
f 36/596/455 284/611/466 858/602/463 321/597/456
f 284/611/466 283/612/466 859/603/463 858/602/463
f 283/612/466 282/613/466 860/606/463 859/603/463
f 282/613/466 35/614/466 324/615/463 860/606/463
f 860/606/463 324/615/463 325/616/464 863/607/464
f 863/607/464 325/616/464 326/617/465 866/610/465
f 866/610/465 326/617/465 43/618/467 306/619/467
f 865/608/465 866/610/465 306/619/467 307/620/467
f 864/609/465 865/608/465 307/620/467 308/621/467
f 323/597/458 864/609/465 308/621/467 44/598/459
f 322/597/457 861/605/464 864/609/465 323/597/458
f 321/597/456 858/602/463 861/605/464 322/597/457
f 867/622/463 868/623/463 871/624/464 870/625/464
f 868/623/463 869/626/463 872/627/464 871/624/464
f 870/625/464 871/624/464 874/628/465 873/629/465
f 871/624/464 872/627/464 875/630/465 874/628/465
f 35/614/466 281/631/466 867/622/463 324/615/463
f 281/631/466 280/632/466 868/623/463 867/622/463
f 280/632/466 279/633/466 869/626/463 868/623/463
f 279/633/466 34/634/466 327/635/463 869/626/463
f 869/626/463 327/635/463 328/635/464 872/627/464
f 872/627/464 328/635/464 329/635/465 875/630/465
f 875/630/465 329/635/465 42/636/467 303/637/467
f 874/628/465 875/630/465 303/637/467 304/638/467
f 873/629/465 874/628/465 304/638/467 305/639/467
f 326/617/465 873/629/465 305/639/467 43/618/467
f 325/616/464 870/625/464 873/629/465 326/617/465
f 324/615/463 867/622/463 870/625/464 325/616/464
f 876/640/463 877/641/463 880/642/464 879/643/464
f 877/641/463 878/644/463 881/645/464 880/642/464
f 879/643/464 880/642/464 883/646/465 882/647/465
f 880/642/464 881/645/464 884/648/465 883/646/465
f 34/634/466 278/649/466 876/640/463 327/635/463
f 278/649/466 277/650/466 877/641/463 876/640/463
f 277/650/466 276/651/466 878/644/463 877/641/463
f 276/651/466 33/85/92 330/256/272 878/644/463
f 878/644/463 330/256/272 331/261/277 881/645/464
f 881/645/464 331/261/277 332/260/276 884/648/465
f 884/648/465 332/260/276 41/160/173 300/652/467
f 883/646/465 884/648/465 300/652/467 301/653/467
f 882/647/465 883/646/465 301/653/467 302/654/467
f 329/635/465 882/647/465 302/654/467 42/636/467
f 328/635/464 879/643/464 882/647/465 329/635/465
f 327/635/463 876/640/463 879/643/464 328/635/464
f 885/655/468 886/656/469 889/657/470 888/658/471
f 886/656/469 887/659/472 890/660/473 889/657/470
f 888/658/471 889/657/470 892/661/474 891/662/475
f 889/657/470 890/660/473 893/663/476 892/661/474
f 2/94/102 285/93/101 885/655/468 158/313/329
f 285/93/101 286/92/100 886/656/469 885/655/468
f 286/92/100 287/91/99 887/659/472 886/656/469
f 287/91/99 37/90/98 333/664/477 887/659/472
f 887/659/472 333/664/477 334/665/478 890/660/473
f 890/660/473 334/665/478 335/666/479 893/663/476
f 893/663/476 335/666/479 45/174/187 311/172/185
f 892/661/474 893/663/476 311/172/185 310/171/184
f 891/662/475 892/661/474 310/171/184 309/170/183
f 156/315/330 891/662/475 309/170/183 10/169/182
f 157/314/289 888/658/471 891/662/475 156/315/330
f 158/313/329 885/655/468 888/658/471 157/314/289
f 894/667/480 895/668/480 898/669/481 897/670/481
f 895/668/480 896/671/480 899/672/481 898/669/481
f 897/670/481 898/669/481 901/673/482 900/674/482
f 898/669/481 899/672/481 902/675/482 901/673/482
f 37/90/98 288/676/483 894/667/480 333/664/477
f 288/676/483 289/677/483 895/668/480 894/667/480
f 289/677/483 290/678/483 896/671/480 895/668/480
f 290/678/483 38/679/483 336/680/480 896/671/480
f 896/671/480 336/680/480 337/681/481 899/672/481
f 899/672/481 337/681/481 338/682/482 902/675/482
f 902/675/482 338/682/482 46/683/484 314/684/484
f 901/673/482 902/675/482 314/684/484 313/685/484
f 900/674/482 901/673/482 313/685/484 312/686/484
f 335/666/479 900/674/482 312/686/484 45/174/187
f 334/665/478 897/670/481 900/674/482 335/666/479
f 333/664/477 894/667/480 897/670/481 334/665/478
f 903/687/480 904/688/480 907/689/481 906/690/481
f 904/688/480 905/691/480 908/692/481 907/689/481
f 906/690/481 907/689/481 910/693/482 909/694/482
f 907/689/481 908/692/481 911/695/482 910/693/482
f 38/679/483 291/696/483 903/687/480 336/680/480
f 291/696/483 292/697/483 904/688/480 903/687/480
f 292/697/483 293/698/483 905/691/480 904/688/480
f 293/698/483 39/699/483 339/700/480 905/691/480
f 905/691/480 339/700/480 340/701/481 908/692/481
f 908/692/481 340/701/481 341/702/482 911/695/482
f 911/695/482 341/702/482 47/703/484 317/704/484
f 910/693/482 911/695/482 317/704/484 316/705/484
f 909/694/482 910/693/482 316/705/484 315/706/484
f 338/682/482 909/694/482 315/706/484 46/683/484
f 337/681/481 906/690/481 909/694/482 338/682/482
f 336/680/480 903/687/480 906/690/481 337/681/481
f 912/707/480 913/708/480 916/709/481 915/710/481
f 913/708/480 914/711/480 917/712/481 916/709/481
f 915/710/481 916/709/481 919/713/482 918/714/482
f 916/709/481 917/712/481 920/715/482 919/713/482
f 39/699/483 294/716/483 912/707/480 339/700/480
f 294/716/483 295/717/483 913/708/480 912/707/480
f 295/717/483 296/718/483 914/711/480 913/708/480
f 296/718/483 40/210/226 342/212/228 914/711/480
f 914/711/480 342/212/228 343/223/239 917/712/481
f 917/712/481 343/223/239 344/221/237 920/715/482
f 920/715/482 344/221/237 48/222/238 320/719/484
f 919/713/482 920/715/482 320/719/484 319/720/484
f 918/714/482 919/713/482 319/720/484 318/721/484
f 341/702/482 918/714/482 318/721/484 47/703/484
f 340/701/481 915/710/481 918/714/482 341/702/482
f 339/700/480 912/707/480 915/710/481 340/701/481
f 921/722/485 922/723/486 925/724/487 924/725/488
f 922/723/486 923/726/489 926/727/490 925/724/487
f 924/725/488 925/724/487 928/728/491 927/729/492
f 925/724/487 926/727/493 929/730/494 928/728/491
f 16/190/205 125/601/462 921/722/485 152/191/206
f 125/601/462 124/600/461 922/723/486 921/722/485
f 124/600/461 123/599/460 923/726/489 922/723/486
f 123/599/460 44/598/459 345/731/495 923/726/489
f 923/726/489 345/731/495 346/732/496 926/727/490
f 926/727/493 346/732/497 347/733/498 929/730/494
f 929/730/494 347/733/498 48/222/238 135/220/236
f 928/728/491 929/730/494 135/220/236 136/219/235
f 927/729/492 928/728/491 136/219/235 137/218/234
f 150/193/208 927/729/492 137/218/234 12/194/209
f 151/192/207 924/725/488 927/729/492 150/193/208
f 152/191/206 921/722/485 924/725/488 151/192/207
f 930/734/499 931/735/499 934/736/500 933/737/500
f 931/735/499 932/738/499 935/739/500 934/736/500
f 933/737/501 934/736/501 937/740/502 936/741/502
f 934/736/501 935/739/501 938/742/502 937/740/502
f 44/598/459 308/621/467 930/734/499 345/731/495
f 308/621/467 307/620/467 931/735/499 930/734/499
f 307/620/467 306/619/467 932/738/499 931/735/499
f 306/619/467 43/618/467 348/743/499 932/738/499
f 932/738/499 348/743/499 349/744/500 935/739/500
f 935/739/501 349/744/501 350/745/502 938/742/502
f 938/742/502 350/745/502 47/703/484 318/721/484
f 937/740/502 938/742/502 318/721/484 319/720/484
f 936/741/502 937/740/502 319/720/484 320/719/484
f 347/733/498 936/741/502 320/719/484 48/222/238
f 346/732/497 933/737/501 936/741/502 347/733/498
f 345/731/495 930/734/499 933/737/500 346/732/496
f 939/746/499 940/747/499 943/748/500 942/749/500
f 940/747/499 941/750/499 944/751/500 943/748/500
f 942/749/501 943/748/501 946/752/502 945/753/502
f 943/748/501 944/751/501 947/754/502 946/752/502
f 43/618/467 305/639/467 939/746/499 348/743/499
f 305/639/467 304/638/467 940/747/499 939/746/499
f 304/638/467 303/637/467 941/750/499 940/747/499
f 303/637/467 42/636/467 351/755/499 941/750/499
f 941/750/499 351/755/499 352/756/500 944/751/500
f 944/751/501 352/756/501 353/757/502 947/754/502
f 947/754/502 353/757/502 46/683/484 315/706/484
f 946/752/502 947/754/502 315/706/484 316/705/484
f 945/753/502 946/752/502 316/705/484 317/704/484
f 350/745/502 945/753/502 317/704/484 47/703/484
f 349/744/501 942/749/501 945/753/502 350/745/502
f 348/743/499 939/746/499 942/749/500 349/744/500
f 948/758/499 949/759/499 952/760/500 951/761/500
f 949/759/499 950/762/499 953/763/500 952/760/500
f 951/761/501 952/760/501 955/764/502 954/765/502
f 952/760/501 953/763/501 956/766/502 955/764/502
f 42/636/467 302/654/467 948/758/499 351/755/499
f 302/654/467 301/653/467 949/759/499 948/758/499
f 301/653/467 300/652/467 950/762/499 949/759/499
f 300/652/467 41/160/173 354/162/175 950/762/499
f 950/762/499 354/162/175 355/175/189 953/763/500
f 953/763/501 355/175/188 356/173/186 956/766/502
f 956/766/502 356/173/186 45/174/187 312/686/484
f 955/764/502 956/766/502 312/686/484 313/685/484
f 954/765/502 955/764/502 313/685/484 314/684/484
f 353/757/502 954/765/502 314/684/484 46/683/484
f 352/756/501 951/761/501 954/765/502 353/757/502
f 351/755/499 948/758/499 951/761/500 352/756/500
f 957/767/503 958/768/504 961/769/505 960/770/506
f 958/768/504 959/771/507 962/772/508 961/769/505
f 960/770/506 961/769/505 964/773/509 963/774/510
f 961/769/505 962/772/508 965/775/511 964/773/512
f 8/124/134 116/122/132 957/767/503 89/593/452
f 116/122/132 115/121/131 958/768/504 957/767/503
f 115/121/131 114/120/130 959/771/507 958/768/504
f 114/120/130 4/119/129 101/214/230 959/771/507
f 959/771/507 101/214/230 100/213/229 962/772/508
f 962/772/508 100/213/229 99/211/227 965/775/511
f 965/775/511 99/211/227 40/210/226 357/776/513
f 964/773/512 965/775/511 357/776/513 358/777/514
f 963/774/510 964/773/509 358/777/515 359/778/516
f 87/595/454 963/774/510 359/778/516 36/596/455
f 88/594/453 960/770/506 963/774/510 87/595/454
f 89/593/452 957/767/503 960/770/506 88/594/453
f 966/779/517 967/780/518 970/781/518 969/782/517
f 967/780/519 968/783/520 971/784/520 970/781/519
f 969/782/517 970/781/518 973/785/518 972/786/517
f 970/781/519 971/784/520 974/787/520 973/785/519
f 36/596/455 359/778/516 966/779/517 284/611/466
f 359/778/516 358/777/515 967/780/518 966/779/517
f 358/777/514 357/776/513 968/783/520 967/780/519
f 357/776/513 40/210/226 296/718/483 968/783/520
f 968/783/520 296/718/483 295/717/483 971/784/520
f 971/784/520 295/717/483 294/716/483 974/787/520
f 974/787/520 294/716/483 39/699/483 360/788/520
f 973/785/519 974/787/520 360/788/520 361/789/519
f 972/786/517 973/785/518 361/789/518 362/790/517
f 282/613/466 972/786/517 362/790/517 35/614/466
f 283/612/466 969/782/517 972/786/517 282/613/466
f 284/611/466 966/779/517 969/782/517 283/612/466
f 975/791/517 976/792/518 979/793/518 978/794/517
f 976/792/519 977/795/520 980/796/520 979/793/519
f 978/794/517 979/793/518 982/797/518 981/798/517
f 979/793/519 980/796/520 983/799/520 982/797/519
f 35/614/466 362/790/517 975/791/517 281/631/466
f 362/790/517 361/789/518 976/792/518 975/791/517
f 361/789/519 360/788/520 977/795/520 976/792/519
f 360/788/520 39/699/483 293/698/483 977/795/520
f 977/795/520 293/698/483 292/697/483 980/796/520
f 980/796/520 292/697/483 291/696/483 983/799/520
f 983/799/520 291/696/483 38/679/483 363/800/520
f 982/797/519 983/799/520 363/800/520 364/801/519
f 981/798/517 982/797/518 364/801/518 365/802/517
f 279/633/466 981/798/517 365/802/517 34/634/466
f 280/632/466 978/794/517 981/798/517 279/633/466
f 281/631/466 975/791/517 978/794/517 280/632/466
f 984/803/517 985/804/518 988/805/518 987/806/517
f 985/804/519 986/807/520 989/808/520 988/805/519
f 987/806/517 988/805/518 991/809/518 990/810/517
f 988/805/519 989/808/520 992/811/520 991/809/519
f 34/634/466 365/802/517 984/803/517 278/649/466
f 365/802/517 364/801/518 985/804/518 984/803/517
f 364/801/519 363/800/520 986/807/520 985/804/519
f 363/800/520 38/679/483 290/678/483 986/807/520
f 986/807/520 290/678/483 289/677/483 989/808/520
f 989/808/520 289/677/483 288/676/483 992/811/520
f 992/811/520 288/676/483 37/90/98 366/89/97
f 991/809/519 992/811/520 366/89/97 367/88/96
f 990/810/517 991/809/518 367/88/95 368/86/93
f 276/651/466 990/810/517 368/86/93 33/85/92
f 277/650/466 987/806/517 990/810/517 276/651/466
f 278/649/466 984/803/517 987/806/517 277/650/466
f 993/812/521 994/813/522 997/814/523 996/815/524
f 994/813/522 995/816/525 998/817/526 997/814/523
f 996/815/524 997/814/523 1000/818/527 999/819/528
f 997/814/523 998/817/526 1001/820/529 1000/818/527
f 7/99/107 86/821/530 993/812/521 165/257/273
f 86/821/530 85/822/531 994/813/522 993/812/521
f 85/822/531 84/823/532 995/816/525 994/813/522
f 84/823/532 52/824/533 417/825/534 995/816/525
f 995/816/525 417/825/534 418/826/535 998/817/526
f 998/817/526 418/826/535 419/827/536 1001/820/529
f 1001/820/529 419/827/536 60/828/537 120/829/538
f 1000/818/527 1001/820/529 120/829/538 121/830/539
f 999/819/528 1000/818/527 121/830/539 122/831/540
f 167/259/275 999/819/528 122/831/540 15/165/178
f 166/258/274 996/815/524 999/819/528 167/259/275
f 165/257/273 993/812/521 996/815/524 166/258/274
f 1002/832/402 1003/833/402 1006/834/403 1005/835/403
f 1003/833/402 1004/836/402 1007/837/403 1006/834/403
f 1005/835/403 1006/834/403 1009/838/404 1008/839/404
f 1006/834/403 1007/837/403 1010/840/404 1009/838/404
f 52/824/533 380/841/405 1002/832/402 417/825/534
f 380/841/405 379/842/405 1003/833/402 1002/832/402
f 379/842/405 378/843/405 1004/836/402 1003/833/402
f 378/843/405 51/844/405 420/845/402 1004/836/402
f 1004/836/402 420/845/402 421/846/403 1007/837/403
f 1007/837/403 421/846/403 422/847/404 1010/840/404
f 1010/840/404 422/847/404 59/848/406 402/849/406
f 1009/838/404 1010/840/404 402/849/406 403/850/406
f 1008/839/404 1009/838/404 403/850/406 404/851/406
f 419/827/536 1008/839/404 404/851/406 60/828/537
f 418/826/535 1005/835/403 1008/839/404 419/827/536
f 417/825/534 1002/832/402 1005/835/403 418/826/535
f 1011/852/402 1012/853/402 1015/854/403 1014/855/403
f 1012/853/402 1013/856/402 1016/857/403 1015/854/403
f 1014/855/403 1015/854/403 1018/858/404 1017/859/404
f 1015/854/403 1016/857/403 1019/860/404 1018/858/404
f 51/844/405 377/861/405 1011/852/402 420/845/402
f 377/861/405 376/862/405 1012/853/402 1011/852/402
f 376/862/405 375/863/405 1013/856/402 1012/853/402
f 375/863/405 50/864/405 423/865/402 1013/856/402
f 1013/856/402 423/865/402 424/866/403 1016/857/403
f 1016/857/403 424/866/403 425/867/404 1019/860/404
f 1019/860/404 425/867/404 58/868/406 399/869/406
f 1018/858/404 1019/860/404 399/869/406 400/870/406
f 1017/859/404 1018/858/404 400/870/406 401/871/406
f 422/847/404 1017/859/404 401/871/406 59/848/406
f 421/846/403 1014/855/403 1017/859/404 422/847/404
f 420/845/402 1011/852/402 1014/855/403 421/846/403
f 1020/872/402 1021/873/402 1024/874/403 1023/875/403
f 1021/873/402 1022/876/402 1025/877/403 1024/874/403
f 1023/875/403 1024/874/403 1027/878/404 1026/879/404
f 1024/874/403 1025/877/403 1028/880/404 1027/878/404
f 50/864/405 374/881/405 1020/872/402 423/865/402
f 374/881/405 373/882/405 1021/873/402 1020/872/402
f 373/882/405 372/883/405 1022/876/402 1021/873/402
f 372/883/405 49/60/65 426/346/360 1022/876/402
f 1022/876/402 426/346/360 427/351/364 1025/877/403
f 1025/877/403 427/351/364 428/350/363 1028/880/404
f 1028/880/404 428/350/363 57/135/146 396/884/406
f 1027/878/404 1028/880/404 396/884/406 397/885/406
f 1026/879/404 1027/878/404 397/885/406 398/886/406
f 425/867/404 1026/879/404 398/886/406 58/868/406
f 424/866/403 1023/875/403 1026/879/404 425/867/404
f 423/865/402 1020/872/402 1023/875/403 424/866/403
f 1029/887/541 1030/888/542 1033/889/543 1032/890/544
f 1030/888/542 1031/891/545 1034/892/546 1033/889/543
f 1032/890/544 1033/889/543 1036/893/547 1035/894/548
f 1033/889/543 1034/892/546 1037/895/549 1036/893/547
f 1/69/75 381/68/74 1029/887/541 159/238/254
f 381/68/74 382/67/73 1030/888/542 1029/887/541
f 382/67/73 383/66/72 1031/891/545 1030/888/542
f 383/66/72 53/65/71 429/896/550 1031/891/545
f 1031/891/545 429/896/550 430/897/551 1034/892/546
f 1034/892/546 430/897/551 431/898/552 1037/895/549
f 1037/895/549 431/898/552 61/149/160 407/147/158
f 1036/893/547 1037/895/549 407/147/158 406/146/157
f 1035/894/548 1036/893/547 406/146/157 405/145/156
f 161/240/256 1035/894/548 405/145/156 9/144/155
f 160/239/255 1032/890/544 1035/894/548 161/240/256
f 159/238/254 1029/887/541 1032/890/544 160/239/255
f 1038/899/385 1039/900/385 1042/901/386 1041/902/386
f 1039/900/385 1040/903/385 1043/904/386 1042/901/386
f 1041/902/386 1042/901/386 1045/905/387 1044/906/387
f 1042/901/386 1043/904/386 1046/907/387 1045/905/387
f 53/65/71 384/908/388 1038/899/385 429/896/550
f 384/908/388 385/909/388 1039/900/385 1038/899/385
f 385/909/388 386/910/388 1040/903/385 1039/900/385
f 386/910/388 54/911/388 432/912/385 1040/903/385
f 1040/903/385 432/912/385 433/913/386 1043/904/386
f 1043/904/386 433/913/386 434/914/387 1046/907/387
f 1046/907/387 434/914/387 62/915/389 410/916/389
f 1045/905/387 1046/907/387 410/916/389 409/917/389
f 1044/906/387 1045/905/387 409/917/389 408/918/389
f 431/898/552 1044/906/387 408/918/389 61/149/160
f 430/897/551 1041/902/386 1044/906/387 431/898/552
f 429/896/550 1038/899/385 1041/902/386 430/897/551
f 1047/919/385 1048/920/385 1051/921/386 1050/922/386
f 1048/920/385 1049/923/385 1052/924/386 1051/921/386
f 1050/922/386 1051/921/386 1054/925/387 1053/926/387
f 1051/921/386 1052/924/386 1055/927/387 1054/925/387
f 54/911/388 387/928/388 1047/919/385 432/912/385
f 387/928/388 388/929/388 1048/920/385 1047/919/385
f 388/929/388 389/930/388 1049/923/385 1048/920/385
f 389/930/388 55/931/388 435/932/385 1049/923/385
f 1049/923/385 435/932/385 436/933/386 1052/924/386
f 1052/924/386 436/933/386 437/934/387 1055/927/387
f 1055/927/387 437/934/387 63/935/389 413/936/389
f 1054/925/387 1055/927/387 413/936/389 412/937/389
f 1053/926/387 1054/925/387 412/937/389 411/938/389
f 434/914/387 1053/926/387 411/938/389 62/915/389
f 433/913/386 1050/922/386 1053/926/387 434/914/387
f 432/912/385 1047/919/385 1050/922/386 433/913/386
f 1056/939/385 1057/940/385 1060/941/386 1059/942/386
f 1057/940/385 1058/943/385 1061/944/386 1060/941/386
f 1059/942/386 1060/941/386 1063/945/387 1062/946/387
f 1060/941/386 1061/944/386 1064/947/387 1063/945/387
f 55/931/388 390/948/388 1056/939/385 435/932/385
f 390/948/388 391/949/388 1057/940/385 1056/939/385
f 391/949/388 392/950/388 1058/943/385 1057/940/385
f 392/950/388 56/308/324 438/310/326 1058/943/385
f 1058/943/385 438/310/326 439/321/336 1061/944/386
f 1061/944/386 439/321/336 440/319/334 1064/947/387
f 1064/947/387 440/319/334 64/320/335 416/951/389
f 1063/945/387 1064/947/387 416/951/389 415/952/389
f 1062/946/387 1063/945/387 415/952/389 414/953/389
f 437/934/387 1062/946/387 414/953/389 63/935/389
f 436/933/386 1059/942/386 1062/946/387 437/934/387
f 435/932/385 1056/939/385 1059/942/386 436/933/386
f 1065/954/553 1066/955/554 1069/956/555 1068/957/556
f 1066/955/554 1067/958/557 1070/959/558 1069/956/555
f 1068/957/556 1069/956/555 1072/960/559 1071/961/560
f 1069/956/555 1070/959/561 1073/962/562 1072/960/559
f 15/165/178 122/831/540 1065/954/553 149/166/179
f 122/831/540 121/830/539 1066/955/554 1065/954/553
f 121/830/539 120/829/538 1067/958/557 1066/955/554
f 120/829/538 60/828/537 441/963/563 1067/958/557
f 1067/958/557 441/963/563 442/964/564 1070/959/558
f 1070/959/561 442/964/565 443/965/566 1073/962/562
f 1073/962/562 443/965/566 64/320/335 132/318/333
f 1072/960/559 1073/962/562 132/318/333 133/317/332
f 1071/961/560 1072/960/559 133/317/332 134/316/331
f 147/168/181 1071/961/560 134/316/331 10/169/182
f 148/167/180 1068/957/556 1071/961/560 147/168/181
f 149/166/179 1065/954/553 1068/957/556 148/167/180
f 1074/966/424 1075/967/424 1078/968/423 1077/969/423
f 1075/967/424 1076/970/424 1079/971/423 1078/968/423
f 1077/969/422 1078/968/422 1081/972/421 1080/973/421
f 1078/968/422 1079/971/422 1082/974/421 1081/972/421
f 60/828/537 404/851/406 1074/966/424 441/963/563
f 404/851/406 403/850/406 1075/967/424 1074/966/424
f 403/850/406 402/849/406 1076/970/424 1075/967/424
f 402/849/406 59/848/406 444/975/424 1076/970/424
f 1076/970/424 444/975/424 445/976/423 1079/971/423
f 1079/971/422 445/976/422 446/977/421 1082/974/421
f 1082/974/421 446/977/421 63/935/389 414/953/389
f 1081/972/421 1082/974/421 414/953/389 415/952/389
f 1080/973/421 1081/972/421 415/952/389 416/951/389
f 443/965/566 1080/973/421 416/951/389 64/320/335
f 442/964/565 1077/969/422 1080/973/421 443/965/566
f 441/963/563 1074/966/424 1077/969/423 442/964/564
f 1083/978/424 1084/979/424 1087/980/423 1086/981/423
f 1084/979/424 1085/982/424 1088/983/423 1087/980/423
f 1086/981/422 1087/980/422 1090/984/421 1089/985/421
f 1087/980/422 1088/983/422 1091/986/421 1090/984/421
f 59/848/406 401/871/406 1083/978/424 444/975/424
f 401/871/406 400/870/406 1084/979/424 1083/978/424
f 400/870/406 399/869/406 1085/982/424 1084/979/424
f 399/869/406 58/868/406 447/987/424 1085/982/424
f 1085/982/424 447/987/424 448/988/423 1088/983/423
f 1088/983/422 448/988/422 449/989/421 1091/986/421
f 1091/986/421 449/989/421 62/915/389 411/938/389
f 1090/984/421 1091/986/421 411/938/389 412/937/389
f 1089/985/421 1090/984/421 412/937/389 413/936/389
f 446/977/421 1089/985/421 413/936/389 63/935/389
f 445/976/422 1086/981/422 1089/985/421 446/977/421
f 444/975/424 1083/978/424 1086/981/423 445/976/423
f 1092/990/424 1093/991/424 1096/992/423 1095/993/423
f 1093/991/424 1094/994/424 1097/995/423 1096/992/423
f 1095/993/422 1096/992/422 1099/996/421 1098/997/421
f 1096/992/422 1097/995/422 1100/998/421 1099/996/421
f 58/868/406 398/886/406 1092/990/424 447/987/424
f 398/886/406 397/885/406 1093/991/424 1092/990/424
f 397/885/406 396/884/406 1094/994/424 1093/991/424
f 396/884/406 57/135/146 450/137/148 1094/994/424
f 1094/994/424 450/137/148 451/150/162 1097/995/423
f 1097/995/422 451/150/161 452/148/159 1100/998/421
f 1100/998/421 452/148/159 61/149/160 408/918/389
f 1099/996/421 1100/998/421 408/918/389 409/917/389
f 1098/997/421 1099/996/421 409/917/389 410/916/389
f 449/989/421 1098/997/421 410/916/389 62/915/389
f 448/988/422 1095/993/422 1098/997/421 449/989/421
f 447/987/424 1092/990/424 1095/993/423 448/988/423
f 1101/999/567 1102/1000/568 1105/1001/569 1104/1002/570
f 1102/1000/568 1103/1003/571 1106/1004/572 1105/1001/569
f 1104/1002/570 1105/1001/569 1108/1005/573 1107/1006/574
f 1105/1001/569 1106/1004/572 1109/1007/575 1108/1005/576
f 7/99/107 113/97/105 1101/999/567 86/821/530
f 113/97/105 112/96/104 1102/1000/568 1101/999/567
f 112/96/104 111/95/103 1103/1003/571 1102/1000/568
f 111/95/103 2/94/102 98/312/328 1103/1003/571
f 1103/1003/571 98/312/328 97/311/327 1106/1004/572
f 1106/1004/572 97/311/327 96/309/325 1109/1007/575
f 1109/1007/575 96/309/325 56/308/324 453/1008/577
f 1108/1005/576 1109/1007/575 453/1008/577 454/1009/578
f 1107/1006/574 1108/1005/573 454/1009/579 455/1010/580
f 84/823/532 1107/1006/574 455/1010/580 52/824/533
f 85/822/531 1104/1002/570 1107/1006/574 84/823/532
f 86/821/530 1101/999/567 1104/1002/570 85/822/531
f 1110/1011/442 1111/969/441 1114/1012/441 1113/1013/442
f 1111/969/440 1112/1014/439 1115/1015/439 1114/1012/440
f 1113/1013/442 1114/1012/441 1117/1016/441 1116/1017/442
f 1114/1012/440 1115/1015/439 1118/1018/439 1117/1016/440
f 52/824/533 455/1010/580 1110/1011/442 380/841/405
f 455/1010/580 454/1009/579 1111/969/441 1110/1011/442
f 454/1009/578 453/1008/577 1112/1014/439 1111/969/440
f 453/1008/577 56/308/324 392/950/388 1112/1014/439
f 1112/1014/439 392/950/388 391/949/388 1115/1015/439
f 1115/1015/439 391/949/388 390/948/388 1118/1018/439
f 1118/1018/439 390/948/388 55/931/388 456/1019/439
f 1117/1016/440 1118/1018/439 456/1019/439 457/976/440
f 1116/1017/442 1117/1016/441 457/976/441 458/1020/442
f 378/843/405 1116/1017/442 458/1020/442 51/844/405
f 379/842/405 1113/1013/442 1116/1017/442 378/843/405
f 380/841/405 1110/1011/442 1113/1013/442 379/842/405
f 1119/1021/442 1120/981/441 1123/1022/441 1122/1023/442
f 1120/981/440 1121/1024/439 1124/1025/439 1123/1022/440
f 1122/1023/442 1123/1022/441 1126/1026/441 1125/1027/442
f 1123/1022/440 1124/1025/439 1127/1028/439 1126/1026/440
f 51/844/405 458/1020/442 1119/1021/442 377/861/405
f 458/1020/442 457/976/441 1120/981/441 1119/1021/442
f 457/976/440 456/1019/439 1121/1024/439 1120/981/440
f 456/1019/439 55/931/388 389/930/388 1121/1024/439
f 1121/1024/439 389/930/388 388/929/388 1124/1025/439
f 1124/1025/439 388/929/388 387/928/388 1127/1028/439
f 1127/1028/439 387/928/388 54/911/388 459/1029/439
f 1126/1026/440 1127/1028/439 459/1029/439 460/1030/440
f 1125/1027/442 1126/1026/441 460/1030/441 461/1031/442
f 375/863/405 1125/1027/442 461/1031/442 50/864/405
f 376/862/405 1122/1023/442 1125/1027/442 375/863/405
f 377/861/405 1119/1021/442 1122/1023/442 376/862/405
f 1128/1032/442 1129/1033/441 1132/1034/441 1131/1035/442
f 1129/1033/440 1130/1036/439 1133/1037/439 1132/1034/440
f 1131/1035/442 1132/1034/441 1135/1038/441 1134/1039/442
f 1132/1034/440 1133/1037/439 1136/1040/439 1135/1038/440
f 50/864/405 461/1031/442 1128/1032/442 374/881/405
f 461/1031/442 460/1030/441 1129/1033/441 1128/1032/442
f 460/1030/440 459/1029/439 1130/1036/439 1129/1033/440
f 459/1029/439 54/911/388 386/910/388 1130/1036/439
f 1130/1036/439 386/910/388 385/909/388 1133/1037/439
f 1133/1037/439 385/909/388 384/908/388 1136/1040/439
f 1136/1040/439 384/908/388 53/65/71 462/64/70
f 1135/1038/440 1136/1040/439 462/64/70 463/63/69
f 1134/1039/442 1135/1038/441 463/63/68 464/61/66
f 372/883/405 1134/1039/442 464/61/66 49/60/65
f 373/882/405 1131/1035/442 1134/1039/442 372/883/405
f 374/881/405 1128/1032/442 1131/1035/442 373/882/405
f 1137/1041/581 1138/1042/582 1141/1043/583 1140/1044/584
f 1138/1042/582 1139/1045/585 1142/1046/586 1141/1043/583
f 1140/1044/584 1141/1043/583 1144/1047/587 1143/1048/588
f 1141/1043/583 1142/1046/586 1145/1049/589 1144/1047/587
f 6/74/80 83/1050/590 1137/1041/581 176/347/361
f 83/1050/590 82/1051/591 1138/1042/582 1137/1041/581
f 82/1051/591 81/1052/592 1139/1045/585 1138/1042/582
f 81/1052/592 68/1053/593 513/1054/594 1139/1045/585
f 1139/1045/585 513/1054/594 514/1055/595 1142/1046/586
f 1142/1046/586 514/1055/595 515/1056/596 1145/1049/589
f 1145/1049/589 515/1056/596 76/1057/597 117/1058/598
f 1144/1047/587 1145/1049/589 117/1058/598 118/1059/599
f 1143/1048/588 1144/1047/587 118/1059/599 119/1060/600
f 174/349/362 1143/1048/588 119/1060/600 14/140/151
f 175/348/232 1140/1044/584 1143/1048/588 174/349/362
f 176/347/361 1137/1041/581 1140/1044/584 175/348/232
f 1146/1061/480 1147/1062/480 1150/1063/481 1149/1064/481
f 1147/1062/480 1148/1065/480 1151/1066/481 1150/1063/481
f 1149/1064/481 1150/1063/481 1153/1067/482 1152/1068/482
f 1150/1063/481 1151/1066/481 1154/1069/482 1153/1067/482
f 68/1053/593 476/1070/483 1146/1061/480 513/1054/594
f 476/1070/483 475/1071/483 1147/1062/480 1146/1061/480
f 475/1071/483 474/1072/483 1148/1065/480 1147/1062/480
f 474/1072/483 67/1073/483 516/1074/480 1148/1065/480
f 1148/1065/480 516/1074/480 517/1075/481 1151/1066/481
f 1151/1066/481 517/1075/481 518/1076/482 1154/1069/482
f 1154/1069/482 518/1076/482 75/1077/484 498/1078/484
f 1153/1067/482 1154/1069/482 498/1078/484 499/1079/484
f 1152/1068/482 1153/1067/482 499/1079/484 500/1080/484
f 515/1056/596 1152/1068/482 500/1080/484 76/1057/597
f 514/1055/595 1149/1064/481 1152/1068/482 515/1056/596
f 513/1054/594 1146/1061/480 1149/1064/481 514/1055/595
f 1155/1081/480 1156/1082/480 1159/1083/481 1158/1084/481
f 1156/1082/480 1157/1085/480 1160/1086/481 1159/1083/481
f 1158/1084/481 1159/1083/481 1162/1087/482 1161/1088/482
f 1159/1083/481 1160/1086/481 1163/1089/482 1162/1087/482
f 67/1073/483 473/1090/483 1155/1081/480 516/1074/480
f 473/1090/483 472/1091/483 1156/1082/480 1155/1081/480
f 472/1091/483 471/1092/483 1157/1085/480 1156/1082/480
f 471/1092/483 66/1093/483 519/1094/480 1157/1085/480
f 1157/1085/480 519/1094/480 520/1094/481 1160/1086/481
f 1160/1086/481 520/1094/481 521/1094/482 1163/1089/482
f 1163/1089/482 521/1094/482 74/1095/484 495/1096/484
f 1162/1087/482 1163/1089/482 495/1096/484 496/1097/484
f 1161/1088/482 1162/1087/482 496/1097/484 497/1098/484
f 518/1076/482 1161/1088/482 497/1098/484 75/1077/484
f 517/1075/481 1158/1084/481 1161/1088/482 518/1076/482
f 516/1074/480 1155/1081/480 1158/1084/481 517/1075/481
f 1164/1099/480 1165/1100/480 1168/1101/481 1167/1102/481
f 1165/1100/480 1166/1103/480 1169/1104/481 1168/1101/481
f 1167/1102/481 1168/1101/481 1171/1105/482 1170/1106/482
f 1168/1101/481 1169/1104/481 1172/1107/482 1171/1105/482
f 66/1093/483 470/1108/483 1164/1099/480 519/1094/480
f 470/1108/483 469/1109/483 1165/1100/480 1164/1099/480
f 469/1109/483 468/1110/483 1166/1103/480 1165/1100/480
f 468/1110/483 65/35/38 522/271/287 1166/1103/480
f 1166/1103/480 522/271/287 523/271/292 1169/1104/481
f 1169/1104/481 523/271/292 524/275/291 1172/1107/482
f 1172/1107/482 524/275/291 73/10/11 492/1111/484
f 1171/1105/482 1172/1107/482 492/1111/484 493/1112/484
f 1170/1106/482 1171/1105/482 493/1112/484 494/1113/484
f 521/1094/482 1170/1106/482 494/1113/484 74/1095/484
f 520/1094/481 1167/1102/481 1170/1106/482 521/1094/482
f 519/1094/480 1164/1099/480 1167/1102/481 520/1094/481
f 1173/1114/601 1174/1115/602 1177/1116/603 1176/1117/604
f 1174/1115/602 1175/1118/605 1178/1119/606 1177/1116/603
f 1176/1117/604 1177/1116/603 1180/1120/607 1179/1121/608
f 1177/1116/603 1178/1119/606 1181/1122/609 1180/1120/607
f 3/44/48 477/43/47 1173/1114/601 164/290/307
f 477/43/47 478/42/46 1174/1115/602 1173/1114/601
f 478/42/46 479/41/45 1175/1118/605 1174/1115/602
f 479/41/45 69/40/44 525/1123/610 1175/1118/605
f 1175/1118/605 525/1123/610 526/1124/611 1178/1119/606
f 1178/1119/606 526/1124/611 527/1125/612 1181/1122/609
f 1181/1122/609 527/1125/612 77/24/25 503/22/23
f 1180/1120/607 1181/1122/609 503/22/23 502/21/22
f 1179/1121/608 1180/1120/607 502/21/22 501/20/21
f 162/292/308 1179/1121/608 501/20/21 11/19/20
f 163/291/274 1176/1117/604 1179/1121/608 162/292/308
f 164/290/307 1173/1114/601 1176/1117/604 163/291/274
f 1182/1126/463 1183/1127/463 1186/1128/464 1185/1129/464
f 1183/1127/463 1184/1130/463 1187/1131/464 1186/1128/464
f 1185/1129/464 1186/1128/464 1189/1132/465 1188/1133/465
f 1186/1128/464 1187/1131/464 1190/1134/465 1189/1132/465
f 69/40/44 480/1135/466 1182/1126/463 525/1123/610
f 480/1135/466 481/1136/466 1183/1127/463 1182/1126/463
f 481/1136/466 482/1137/466 1184/1130/463 1183/1127/463
f 482/1137/466 70/1138/466 528/1139/463 1184/1130/463
f 1184/1130/463 528/1139/463 529/1140/464 1187/1131/464
f 1187/1131/464 529/1140/464 530/1141/465 1190/1134/465
f 1190/1134/465 530/1141/465 78/1142/467 506/1143/467
f 1189/1132/465 1190/1134/465 506/1143/467 505/1144/467
f 1188/1133/465 1189/1132/465 505/1144/467 504/1145/467
f 527/1125/612 1188/1133/465 504/1145/467 77/24/25
f 526/1124/611 1185/1129/464 1188/1133/465 527/1125/612
f 525/1123/610 1182/1126/463 1185/1129/464 526/1124/611
f 1191/1146/463 1192/1147/463 1195/1148/464 1194/1149/464
f 1192/1147/463 1193/1150/463 1196/1151/464 1195/1148/464
f 1194/1149/464 1195/1148/464 1198/1152/465 1197/1153/465
f 1195/1148/464 1196/1151/464 1199/1154/465 1198/1152/465
f 70/1138/466 483/1155/466 1191/1146/463 528/1139/463
f 483/1155/466 484/1156/466 1192/1147/463 1191/1146/463
f 484/1156/466 485/1157/466 1193/1150/463 1192/1147/463
f 485/1157/466 71/1158/466 531/1159/463 1193/1150/463
f 1193/1150/463 531/1159/463 532/1160/464 1196/1151/464
f 1196/1151/464 532/1160/464 533/1161/465 1199/1154/465
f 1199/1154/465 533/1161/465 79/1162/467 509/1163/467
f 1198/1152/465 1199/1154/465 509/1163/467 508/1164/467
f 1197/1153/465 1198/1152/465 508/1164/467 507/1165/467
f 530/1141/465 1197/1153/465 507/1165/467 78/1142/467
f 529/1140/464 1194/1149/464 1197/1153/465 530/1141/465
f 528/1139/463 1191/1146/463 1194/1149/464 529/1140/464
f 1200/1166/463 1201/1167/463 1204/1168/464 1203/1169/464
f 1201/1167/463 1202/1170/463 1205/1171/464 1204/1168/464
f 1203/1169/464 1204/1168/464 1207/1172/465 1206/1173/465
f 1204/1168/464 1205/1171/464 1208/1174/465 1207/1172/465
f 71/1158/466 486/1175/466 1200/1166/463 531/1159/463
f 486/1175/466 487/1176/466 1201/1167/463 1200/1166/463
f 487/1176/466 488/1177/466 1202/1170/463 1201/1167/463
f 488/1177/466 72/233/249 534/235/251 1202/1170/463
f 1202/1170/463 534/235/251 535/246/262 1205/1171/464
f 1205/1171/464 535/246/262 536/244/260 1208/1174/465
f 1208/1174/465 536/244/260 80/245/261 512/1178/467
f 1207/1172/465 1208/1174/465 512/1178/467 511/1179/467
f 1206/1173/465 1207/1172/465 511/1179/467 510/1180/467
f 533/1161/465 1206/1173/465 510/1180/467 79/1162/467
f 532/1160/464 1203/1169/464 1206/1173/465 533/1161/465
f 531/1159/463 1200/1166/463 1203/1169/464 532/1160/464
f 1209/1181/613 1210/1182/614 1213/1183/615 1212/1184/616
f 1210/1182/614 1211/1185/617 1214/1186/618 1213/1183/615
f 1212/1184/616 1213/1183/615 1216/1187/619 1215/1188/620
f 1213/1183/615 1214/1186/618 1217/1189/621 1216/1187/622
f 6/74/80 107/72/78 1209/1181/613 83/1050/590
f 107/72/78 106/71/77 1210/1182/614 1209/1181/613
f 106/71/77 105/70/76 1211/1185/617 1210/1182/614
f 105/70/76 1/69/75 95/237/253 1211/1185/617
f 1211/1185/617 95/237/253 94/236/252 1214/1186/618
f 1214/1186/618 94/236/252 93/234/250 1217/1189/621
f 1217/1189/621 93/234/250 72/233/249 537/1190/623
f 1216/1187/622 1217/1189/621 537/1190/623 538/1191/624
f 1215/1188/620 1216/1187/619 538/1191/625 539/1192/626
f 81/1052/592 1215/1188/620 539/1192/626 68/1053/593
f 82/1051/591 1212/1184/616 1215/1188/620 81/1052/592
f 83/1050/590 1209/1181/613 1212/1184/616 82/1051/591
f 1218/1193/520 1219/1194/519 1222/1195/519 1221/1196/520
f 1219/1194/518 1220/1197/517 1223/1198/517 1222/1195/518
f 1221/1196/520 1222/1195/519 1225/1199/519 1224/1200/520
f 1222/1195/518 1223/1198/517 1226/1201/517 1225/1199/518
f 68/1053/593 539/1192/626 1218/1193/520 476/1070/483
f 539/1192/626 538/1191/625 1219/1194/519 1218/1193/520
f 538/1191/624 537/1190/623 1220/1197/517 1219/1194/518
f 537/1190/623 72/233/249 488/1177/466 1220/1197/517
f 1220/1197/517 488/1177/466 487/1176/466 1223/1198/517
f 1223/1198/517 487/1176/466 486/1175/466 1226/1201/517
f 1226/1201/517 486/1175/466 71/1158/466 540/1202/517
f 1225/1199/518 1226/1201/517 540/1202/517 541/1203/518
f 1224/1200/520 1225/1199/519 541/1203/519 542/1204/520
f 474/1072/483 1224/1200/520 542/1204/520 67/1073/483
f 475/1071/483 1221/1196/520 1224/1200/520 474/1072/483
f 476/1070/483 1218/1193/520 1221/1196/520 475/1071/483
f 1227/1205/520 1228/1206/519 1231/1207/519 1230/1208/520
f 1228/1206/518 1229/1209/517 1232/1210/517 1231/1207/518
f 1230/1208/520 1231/1207/519 1234/1211/519 1233/1212/520
f 1231/1207/518 1232/1210/517 1235/1213/517 1234/1211/518
f 67/1073/483 542/1204/520 1227/1205/520 473/1090/483
f 542/1204/520 541/1203/519 1228/1206/519 1227/1205/520
f 541/1203/518 540/1202/517 1229/1209/517 1228/1206/518
f 540/1202/517 71/1158/466 485/1157/466 1229/1209/517
f 1229/1209/517 485/1157/466 484/1156/466 1232/1210/517
f 1232/1210/517 484/1156/466 483/1155/466 1235/1213/517
f 1235/1213/517 483/1155/466 70/1138/466 543/1214/517
f 1234/1211/518 1235/1213/517 543/1214/517 544/1215/518
f 1233/1212/520 1234/1211/519 544/1215/519 545/1216/520
f 471/1092/483 1233/1212/520 545/1216/520 66/1093/483
f 472/1091/483 1230/1208/520 1233/1212/520 471/1092/483
f 473/1090/483 1227/1205/520 1230/1208/520 472/1091/483
f 1236/1217/520 1237/1218/519 1240/1219/519 1239/1220/520
f 1237/1218/518 1238/1221/517 1241/1222/517 1240/1219/518
f 1239/1220/520 1240/1219/519 1243/1223/519 1242/1224/520
f 1240/1219/518 1241/1222/517 1244/1225/517 1243/1223/518
f 66/1093/483 545/1216/520 1236/1217/520 470/1108/483
f 545/1216/520 544/1215/519 1237/1218/519 1236/1217/520
f 544/1215/518 543/1214/517 1238/1221/517 1237/1218/518
f 543/1214/517 70/1138/466 482/1137/466 1238/1221/517
f 1238/1221/517 482/1137/466 481/1136/466 1241/1222/517
f 1241/1222/517 481/1136/466 480/1135/466 1244/1225/517
f 1244/1225/517 480/1135/466 69/40/44 546/39/43
f 1243/1223/518 1244/1225/517 546/39/43 547/38/42
f 1242/1224/520 1243/1223/519 547/38/41 548/36/39
f 468/1110/483 1242/1224/520 548/36/39 65/35/38
f 469/1109/483 1239/1220/520 1242/1224/520 468/1110/483
f 470/1108/483 1236/1217/520 1239/1220/520 469/1109/483
f 1245/1226/627 1246/1227/628 1249/1228/629 1248/1229/630
f 1246/1227/628 1247/1230/631 1250/1231/632 1249/1228/629
f 1248/1229/630 1249/1228/629 1252/1232/633 1251/1233/634
f 1249/1228/629 1250/1231/635 1253/1234/636 1252/1232/633
f 14/140/151 119/1060/600 1245/1226/627 143/141/152
f 119/1060/600 118/1059/599 1246/1227/628 1245/1226/627
f 118/1059/599 117/1058/598 1247/1230/631 1246/1227/628
f 117/1058/598 76/1057/597 549/1235/637 1247/1230/631
f 1247/1230/631 549/1235/637 550/1236/638 1250/1231/632
f 1250/1231/635 550/1236/639 551/1237/640 1253/1234/636
f 1253/1234/636 551/1237/640 80/245/261 129/243/259
f 1252/1232/633 1253/1234/636 129/243/259 130/242/258
f 1251/1233/634 1252/1232/633 130/242/258 131/241/257
f 141/143/154 1251/1233/634 131/241/257 9/144/155
f 142/142/153 1248/1229/630 1251/1233/634 141/143/154
f 143/141/152 1245/1226/627 1248/1229/630 142/142/153
f 1254/1238/502 1255/1239/502 1258/1240/501 1257/1241/501
f 1255/1239/502 1256/1242/502 1259/1199/501 1258/1240/501
f 1257/1241/500 1258/1240/500 1261/1243/499 1260/1244/499
f 1258/1240/500 1259/1199/500 1262/1245/499 1261/1243/499
f 76/1057/597 500/1080/484 1254/1238/502 549/1235/637
f 500/1080/484 499/1079/484 1255/1239/502 1254/1238/502
f 499/1079/484 498/1078/484 1256/1242/502 1255/1239/502
f 498/1078/484 75/1077/484 552/1246/502 1256/1242/502
f 1256/1242/502 552/1246/502 553/1247/501 1259/1199/501
f 1259/1199/500 553/1247/500 554/1248/499 1262/1245/499
f 1262/1245/499 554/1248/499 79/1162/467 510/1180/467
f 1261/1243/499 1262/1245/499 510/1180/467 511/1179/467
f 1260/1244/499 1261/1243/499 511/1179/467 512/1178/467
f 551/1237/640 1260/1244/499 512/1178/467 80/245/261
f 550/1236/639 1257/1241/500 1260/1244/499 551/1237/640
f 549/1235/637 1254/1238/502 1257/1241/501 550/1236/638
f 1263/1249/502 1264/1250/502 1267/1251/501 1266/1252/501
f 1264/1250/502 1265/1253/502 1268/1254/501 1267/1251/501
f 1266/1252/500 1267/1251/500 1270/1255/499 1269/1256/499
f 1267/1251/500 1268/1254/500 1271/1257/499 1270/1255/499
f 75/1077/484 497/1098/484 1263/1249/502 552/1246/502
f 497/1098/484 496/1097/484 1264/1250/502 1263/1249/502
f 496/1097/484 495/1096/484 1265/1253/502 1264/1250/502
f 495/1096/484 74/1095/484 555/1258/502 1265/1253/502
f 1265/1253/502 555/1258/502 556/1259/501 1268/1254/501
f 1268/1254/500 556/1259/500 557/1260/499 1271/1257/499
f 1271/1257/499 557/1260/499 78/1142/467 507/1165/467
f 1270/1255/499 1271/1257/499 507/1165/467 508/1164/467
f 1269/1256/499 1270/1255/499 508/1164/467 509/1163/467
f 554/1248/499 1269/1256/499 509/1163/467 79/1162/467
f 553/1247/500 1266/1252/500 1269/1256/499 554/1248/499
f 552/1246/502 1263/1249/502 1266/1252/501 553/1247/501
f 1272/1261/502 1273/1262/502 1276/1263/501 1275/1264/501
f 1273/1262/502 1274/1265/502 1277/1266/501 1276/1263/501
f 1275/1264/500 1276/1263/500 1279/1267/499 1278/1268/499
f 1276/1263/500 1277/1266/500 1280/1269/499 1279/1267/499
f 74/1095/484 494/1113/484 1272/1261/502 555/1258/502
f 494/1113/484 493/1112/484 1273/1262/502 1272/1261/502
f 493/1112/484 492/1111/484 1274/1265/502 1273/1262/502
f 492/1111/484 73/10/11 558/12/13 1274/1265/502
f 1274/1265/502 558/12/13 559/25/27 1277/1266/501
f 1277/1266/500 559/25/26 560/23/24 1280/1269/499
f 1280/1269/499 560/23/24 77/24/25 504/1145/467
f 1279/1267/499 1280/1269/499 504/1145/467 505/1144/467
f 1278/1268/499 1279/1267/499 505/1144/467 506/1143/467
f 557/1260/499 1278/1268/499 506/1143/467 78/1142/467
f 556/1259/500 1275/1264/500 1278/1268/499 557/1260/499
f 555/1258/502 1272/1261/502 1275/1264/501 556/1259/501
